/home/ubuntu/MSBrossAI/apps/jartosdto/server/.venv/bin/python3: No module named uvicorn
/home/ubuntu/MSBrossAI/apps/jartosdto/server/.venv/bin/python3: No module named uvicorn
/home/ubuntu/MSBrossAI/apps/jartosdto/server/.venv/bin/python3: No module named uvicorn
/home/ubuntu/MSBrossAI/apps/jartosdto/server/.venv/bin/python3: No module named uvicorn
/home/ubuntu/MSBrossAI/apps/jartosdto/server/.venv/bin/python3: No module named uvicorn
/home/ubuntu/MSBrossAI/apps/jartosdto/server/.venv/bin/python3: No module named uvicorn
/home/ubuntu/MSBrossAI/apps/jartosdto/server/.venv/bin/python3: No module named uvicorn
/home/ubuntu/MSBrossAI/apps/jartosdto/server/.venv/bin/python3: No module named uvicorn
/home/ubuntu/MSBrossAI/apps/jartosdto/server/.venv/bin/python3: No module named uvicorn
/home/ubuntu/MSBrossAI/apps/jartosdto/server/.venv/bin/python3: No module named uvicorn
/home/ubuntu/MSBrossAI/apps/jartosdto/server/.venv/bin/python3: No module named uvicorn
/home/ubuntu/MSBrossAI/apps/jartosdto/server/.venv/bin/python3: No module named uvicorn
/home/ubuntu/MSBrossAI/apps/jartosdto/server/.venv/bin/python3: No module named uvicorn
/home/ubuntu/MSBrossAI/apps/jartosdto/server/.venv/bin/python3: No module named uvicorn
/home/ubuntu/MSBrossAI/apps/jartosdto/server/.venv/bin/python3: No module named uvicorn
/home/ubuntu/MSBrossAI/apps/jartosdto/server/.venv/bin/python3: No module named uvicorn
/home/ubuntu/MSBrossAI/apps/jartosdto/server/.venv/bin/python3: No module named uvicorn
/home/ubuntu/MSBrossAI/apps/jartosdto/server/.venv/bin/python3: No module named uvicorn
/home/ubuntu/MSBrossAI/apps/jartosdto/server/.venv/bin/python3: No module named uvicorn
/home/ubuntu/MSBrossAI/apps/jartosdto/server/.venv/bin/python3: No module named uvicorn
/home/ubuntu/MSBrossAI/apps/jartosdto/server/.venv/bin/python3: No module named uvicorn
/home/ubuntu/MSBrossAI/apps/jartosdto/server/.venv/bin/python3: No module named uvicorn
/home/ubuntu/MSBrossAI/apps/jartosdto/server/.venv/bin/python3: No module named uvicorn
/home/ubuntu/MSBrossAI/apps/jartosdto/server/.venv/bin/python3: No module named uvicorn
/home/ubuntu/MSBrossAI/apps/jartosdto/server/.venv/bin/python3: No module named uvicorn
/home/ubuntu/MSBrossAI/apps/jartosdto/server/.venv/bin/python3: No module named uvicorn
/home/ubuntu/MSBrossAI/apps/jartosdto/server/.venv/bin/python3: No module named uvicorn
/home/ubuntu/MSBrossAI/apps/jartosdto/server/.venv/bin/python3: No module named uvicorn
/home/ubuntu/MSBrossAI/apps/jartosdto/server/.venv/bin/python3: No module named uvicorn
Traceback (most recent call last):
  File "<frozen runpy>", line 198, in _run_module_as_main
  File "<frozen runpy>", line 88, in _run_code
  File "/home/ubuntu/MSBrossAI/apps/jartosdto/server/.venv/lib/python3.12/site-packages/uvicorn/__main__.py", line 4, in <module>
    uvicorn.main()
  File "/home/ubuntu/MSBrossAI/apps/jartosdto/server/.venv/lib/python3.12/site-packages/click/core.py", line 1569, in __call__
    return self.main(*args, **kwargs)
           ^^^^^^^^^^^^^^^^^^^^^^^^^^
  File "/home/ubuntu/MSBrossAI/apps/jartosdto/server/.venv/lib/python3.12/site-packages/click/core.py", line 1490, in main
    rv = self.invoke(ctx)
         ^^^^^^^^^^^^^^^^
  File "/home/ubuntu/MSBrossAI/apps/jartosdto/server/.venv/lib/python3.12/site-packages/click/core.py", line 1353, in invoke
    return ctx.invoke(self.callback, **ctx.params)
           ^^^^^^^^^^^^^^^^^^^^^^^^^^^^^^^^^^^^^^^
  File "/home/ubuntu/MSBrossAI/apps/jartosdto/server/.venv/lib/python3.12/site-packages/click/core.py", line 907, in invoke
    return callback(*args, **kwargs)
           ^^^^^^^^^^^^^^^^^^^^^^^^^
  File "/home/ubuntu/MSBrossAI/apps/jartosdto/server/.venv/lib/python3.12/site-packages/uvicorn/main.py", line 441, in main
    run(
  File "/home/ubuntu/MSBrossAI/apps/jartosdto/server/.venv/lib/python3.12/site-packages/uvicorn/main.py", line 609, in run
    config.load_app()
  File "/home/ubuntu/MSBrossAI/apps/jartosdto/server/.venv/lib/python3.12/site-packages/uvicorn/config.py", line 415, in load_app
    return import_from_string(self.app)
           ^^^^^^^^^^^^^^^^^^^^^^^^^^^^
  File "/home/ubuntu/MSBrossAI/apps/jartosdto/server/.venv/lib/python3.12/site-packages/uvicorn/importer.py", line 22, in import_from_string
    raise exc from None
  File "/home/ubuntu/MSBrossAI/apps/jartosdto/server/.venv/lib/python3.12/site-packages/uvicorn/importer.py", line 19, in import_from_string
    module = importlib.import_module(module_str)
             ^^^^^^^^^^^^^^^^^^^^^^^^^^^^^^^^^^^
  File "/home/ubuntu/.local/share/uv/python/cpython-3.12.13-linux-x86_64-gnu/lib/python3.12/importlib/__init__.py", line 90, in import_module
    return _bootstrap._gcd_import(name[level:], package, level)
           ^^^^^^^^^^^^^^^^^^^^^^^^^^^^^^^^^^^^^^^^^^^^^^^^^^^^
  File "<frozen importlib._bootstrap>", line 1387, in _gcd_import
  File "<frozen importlib._bootstrap>", line 1360, in _find_and_load
  File "<frozen importlib._bootstrap>", line 1331, in _find_and_load_unlocked
  File "<frozen importlib._bootstrap>", line 935, in _load_unlocked
  File "<frozen importlib._bootstrap_external>", line 999, in exec_module
  File "<frozen importlib._bootstrap>", line 488, in _call_with_frames_removed
  File "/home/ubuntu/MSBrossAI/apps/jartosdto/server/app/main.py", line 12, in <module>
    from app.api.router import api_router
  File "/home/ubuntu/MSBrossAI/apps/jartosdto/server/app/api/router.py", line 4, in <module>
    import aiofiles
ModuleNotFoundError: No module named 'aiofiles'
Traceback (most recent call last):
  File "<frozen runpy>", line 198, in _run_module_as_main
  File "<frozen runpy>", line 88, in _run_code
  File "/home/ubuntu/MSBrossAI/apps/jartosdto/server/.venv/lib/python3.12/site-packages/uvicorn/__main__.py", line 4, in <module>
    uvicorn.main()
  File "/home/ubuntu/MSBrossAI/apps/jartosdto/server/.venv/lib/python3.12/site-packages/click/core.py", line 1569, in __call__
    return self.main(*args, **kwargs)
           ^^^^^^^^^^^^^^^^^^^^^^^^^^
  File "/home/ubuntu/MSBrossAI/apps/jartosdto/server/.venv/lib/python3.12/site-packages/click/core.py", line 1490, in main
    rv = self.invoke(ctx)
         ^^^^^^^^^^^^^^^^
  File "/home/ubuntu/MSBrossAI/apps/jartosdto/server/.venv/lib/python3.12/site-packages/click/core.py", line 1353, in invoke
    return ctx.invoke(self.callback, **ctx.params)
           ^^^^^^^^^^^^^^^^^^^^^^^^^^^^^^^^^^^^^^^
  File "/home/ubuntu/MSBrossAI/apps/jartosdto/server/.venv/lib/python3.12/site-packages/click/core.py", line 907, in invoke
    return callback(*args, **kwargs)
           ^^^^^^^^^^^^^^^^^^^^^^^^^
  File "/home/ubuntu/MSBrossAI/apps/jartosdto/server/.venv/lib/python3.12/site-packages/uvicorn/main.py", line 441, in main
    run(
  File "/home/ubuntu/MSBrossAI/apps/jartosdto/server/.venv/lib/python3.12/site-packages/uvicorn/main.py", line 609, in run
    config.load_app()
  File "/home/ubuntu/MSBrossAI/apps/jartosdto/server/.venv/lib/python3.12/site-packages/uvicorn/config.py", line 415, in load_app
    return import_from_string(self.app)
           ^^^^^^^^^^^^^^^^^^^^^^^^^^^^
  File "/home/ubuntu/MSBrossAI/apps/jartosdto/server/.venv/lib/python3.12/site-packages/uvicorn/importer.py", line 22, in import_from_string
    raise exc from None
  File "/home/ubuntu/MSBrossAI/apps/jartosdto/server/.venv/lib/python3.12/site-packages/uvicorn/importer.py", line 19, in import_from_string
    module = importlib.import_module(module_str)
             ^^^^^^^^^^^^^^^^^^^^^^^^^^^^^^^^^^^
  File "/home/ubuntu/.local/share/uv/python/cpython-3.12.13-linux-x86_64-gnu/lib/python3.12/importlib/__init__.py", line 90, in import_module
    return _bootstrap._gcd_import(name[level:], package, level)
           ^^^^^^^^^^^^^^^^^^^^^^^^^^^^^^^^^^^^^^^^^^^^^^^^^^^^
  File "<frozen importlib._bootstrap>", line 1387, in _gcd_import
  File "<frozen importlib._bootstrap>", line 1360, in _find_and_load
  File "<frozen importlib._bootstrap>", line 1331, in _find_and_load_unlocked
  File "<frozen importlib._bootstrap>", line 935, in _load_unlocked
  File "<frozen importlib._bootstrap_external>", line 999, in exec_module
  File "<frozen importlib._bootstrap>", line 488, in _call_with_frames_removed
  File "/home/ubuntu/MSBrossAI/apps/jartosdto/server/app/main.py", line 12, in <module>
    from app.api.router import api_router
  File "/home/ubuntu/MSBrossAI/apps/jartosdto/server/app/api/router.py", line 4, in <module>
    import aiofiles
ModuleNotFoundError: No module named 'aiofiles'
Traceback (most recent call last):
  File "<frozen runpy>", line 198, in _run_module_as_main
  File "<frozen runpy>", line 88, in _run_code
  File "/home/ubuntu/MSBrossAI/apps/jartosdto/server/.venv/lib/python3.12/site-packages/uvicorn/__main__.py", line 4, in <module>
    uvicorn.main()
  File "/home/ubuntu/MSBrossAI/apps/jartosdto/server/.venv/lib/python3.12/site-packages/click/core.py", line 1569, in __call__
    return self.main(*args, **kwargs)
           ^^^^^^^^^^^^^^^^^^^^^^^^^^
  File "/home/ubuntu/MSBrossAI/apps/jartosdto/server/.venv/lib/python3.12/site-packages/click/core.py", line 1490, in main
    rv = self.invoke(ctx)
         ^^^^^^^^^^^^^^^^
  File "/home/ubuntu/MSBrossAI/apps/jartosdto/server/.venv/lib/python3.12/site-packages/click/core.py", line 1353, in invoke
    return ctx.invoke(self.callback, **ctx.params)
           ^^^^^^^^^^^^^^^^^^^^^^^^^^^^^^^^^^^^^^^
  File "/home/ubuntu/MSBrossAI/apps/jartosdto/server/.venv/lib/python3.12/site-packages/click/core.py", line 907, in invoke
    return callback(*args, **kwargs)
           ^^^^^^^^^^^^^^^^^^^^^^^^^
  File "/home/ubuntu/MSBrossAI/apps/jartosdto/server/.venv/lib/python3.12/site-packages/uvicorn/main.py", line 441, in main
    run(
  File "/home/ubuntu/MSBrossAI/apps/jartosdto/server/.venv/lib/python3.12/site-packages/uvicorn/main.py", line 609, in run
    config.load_app()
  File "/home/ubuntu/MSBrossAI/apps/jartosdto/server/.venv/lib/python3.12/site-packages/uvicorn/config.py", line 415, in load_app
    return import_from_string(self.app)
           ^^^^^^^^^^^^^^^^^^^^^^^^^^^^
  File "/home/ubuntu/MSBrossAI/apps/jartosdto/server/.venv/lib/python3.12/site-packages/uvicorn/importer.py", line 22, in import_from_string
    raise exc from None
  File "/home/ubuntu/MSBrossAI/apps/jartosdto/server/.venv/lib/python3.12/site-packages/uvicorn/importer.py", line 19, in import_from_string
    module = importlib.import_module(module_str)
             ^^^^^^^^^^^^^^^^^^^^^^^^^^^^^^^^^^^
  File "/home/ubuntu/.local/share/uv/python/cpython-3.12.13-linux-x86_64-gnu/lib/python3.12/importlib/__init__.py", line 90, in import_module
    return _bootstrap._gcd_import(name[level:], package, level)
           ^^^^^^^^^^^^^^^^^^^^^^^^^^^^^^^^^^^^^^^^^^^^^^^^^^^^
  File "<frozen importlib._bootstrap>", line 1387, in _gcd_import
  File "<frozen importlib._bootstrap>", line 1360, in _find_and_load
  File "<frozen importlib._bootstrap>", line 1331, in _find_and_load_unlocked
  File "<frozen importlib._bootstrap>", line 935, in _load_unlocked
  File "<frozen importlib._bootstrap_external>", line 999, in exec_module
  File "<frozen importlib._bootstrap>", line 488, in _call_with_frames_removed
  File "/home/ubuntu/MSBrossAI/apps/jartosdto/server/app/main.py", line 12, in <module>
    from app.api.router import api_router
  File "/home/ubuntu/MSBrossAI/apps/jartosdto/server/app/api/router.py", line 4, in <module>
    import aiofiles
ModuleNotFoundError: No module named 'aiofiles'
Traceback (most recent call last):
  File "<frozen runpy>", line 198, in _run_module_as_main
  File "<frozen runpy>", line 88, in _run_code
  File "/home/ubuntu/MSBrossAI/apps/jartosdto/server/.venv/lib/python3.12/site-packages/uvicorn/__main__.py", line 4, in <module>
    uvicorn.main()
  File "/home/ubuntu/MSBrossAI/apps/jartosdto/server/.venv/lib/python3.12/site-packages/click/core.py", line 1569, in __call__
    return self.main(*args, **kwargs)
           ^^^^^^^^^^^^^^^^^^^^^^^^^^
  File "/home/ubuntu/MSBrossAI/apps/jartosdto/server/.venv/lib/python3.12/site-packages/click/core.py", line 1490, in main
    rv = self.invoke(ctx)
         ^^^^^^^^^^^^^^^^
  File "/home/ubuntu/MSBrossAI/apps/jartosdto/server/.venv/lib/python3.12/site-packages/click/core.py", line 1353, in invoke
    return ctx.invoke(self.callback, **ctx.params)
           ^^^^^^^^^^^^^^^^^^^^^^^^^^^^^^^^^^^^^^^
  File "/home/ubuntu/MSBrossAI/apps/jartosdto/server/.venv/lib/python3.12/site-packages/click/core.py", line 907, in invoke
    return callback(*args, **kwargs)
           ^^^^^^^^^^^^^^^^^^^^^^^^^
  File "/home/ubuntu/MSBrossAI/apps/jartosdto/server/.venv/lib/python3.12/site-packages/uvicorn/main.py", line 441, in main
    run(
  File "/home/ubuntu/MSBrossAI/apps/jartosdto/server/.venv/lib/python3.12/site-packages/uvicorn/main.py", line 609, in run
    config.load_app()
  File "/home/ubuntu/MSBrossAI/apps/jartosdto/server/.venv/lib/python3.12/site-packages/uvicorn/config.py", line 415, in load_app
    return import_from_string(self.app)
           ^^^^^^^^^^^^^^^^^^^^^^^^^^^^
  File "/home/ubuntu/MSBrossAI/apps/jartosdto/server/.venv/lib/python3.12/site-packages/uvicorn/importer.py", line 22, in import_from_string
    raise exc from None
  File "/home/ubuntu/MSBrossAI/apps/jartosdto/server/.venv/lib/python3.12/site-packages/uvicorn/importer.py", line 19, in import_from_string
    module = importlib.import_module(module_str)
             ^^^^^^^^^^^^^^^^^^^^^^^^^^^^^^^^^^^
  File "/home/ubuntu/.local/share/uv/python/cpython-3.12.13-linux-x86_64-gnu/lib/python3.12/importlib/__init__.py", line 90, in import_module
    return _bootstrap._gcd_import(name[level:], package, level)
           ^^^^^^^^^^^^^^^^^^^^^^^^^^^^^^^^^^^^^^^^^^^^^^^^^^^^
  File "<frozen importlib._bootstrap>", line 1387, in _gcd_import
  File "<frozen importlib._bootstrap>", line 1360, in _find_and_load
  File "<frozen importlib._bootstrap>", line 1331, in _find_and_load_unlocked
  File "<frozen importlib._bootstrap>", line 935, in _load_unlocked
  File "<frozen importlib._bootstrap_external>", line 999, in exec_module
  File "<frozen importlib._bootstrap>", line 488, in _call_with_frames_removed
  File "/home/ubuntu/MSBrossAI/apps/jartosdto/server/app/main.py", line 12, in <module>
    from app.api.router import api_router
  File "/home/ubuntu/MSBrossAI/apps/jartosdto/server/app/api/router.py", line 4, in <module>
    import aiofiles
ModuleNotFoundError: No module named 'aiofiles'
Traceback (most recent call last):
  File "<frozen runpy>", line 198, in _run_module_as_main
  File "<frozen runpy>", line 88, in _run_code
  File "/home/ubuntu/MSBrossAI/apps/jartosdto/server/.venv/lib/python3.12/site-packages/uvicorn/__main__.py", line 4, in <module>
    uvicorn.main()
  File "/home/ubuntu/MSBrossAI/apps/jartosdto/server/.venv/lib/python3.12/site-packages/click/core.py", line 1569, in __call__
    return self.main(*args, **kwargs)
           ^^^^^^^^^^^^^^^^^^^^^^^^^^
  File "/home/ubuntu/MSBrossAI/apps/jartosdto/server/.venv/lib/python3.12/site-packages/click/core.py", line 1490, in main
    rv = self.invoke(ctx)
         ^^^^^^^^^^^^^^^^
  File "/home/ubuntu/MSBrossAI/apps/jartosdto/server/.venv/lib/python3.12/site-packages/click/core.py", line 1353, in invoke
    return ctx.invoke(self.callback, **ctx.params)
           ^^^^^^^^^^^^^^^^^^^^^^^^^^^^^^^^^^^^^^^
  File "/home/ubuntu/MSBrossAI/apps/jartosdto/server/.venv/lib/python3.12/site-packages/click/core.py", line 907, in invoke
    return callback(*args, **kwargs)
           ^^^^^^^^^^^^^^^^^^^^^^^^^
  File "/home/ubuntu/MSBrossAI/apps/jartosdto/server/.venv/lib/python3.12/site-packages/uvicorn/main.py", line 441, in main
    run(
  File "/home/ubuntu/MSBrossAI/apps/jartosdto/server/.venv/lib/python3.12/site-packages/uvicorn/main.py", line 609, in run
    config.load_app()
  File "/home/ubuntu/MSBrossAI/apps/jartosdto/server/.venv/lib/python3.12/site-packages/uvicorn/config.py", line 415, in load_app
    return import_from_string(self.app)
           ^^^^^^^^^^^^^^^^^^^^^^^^^^^^
  File "/home/ubuntu/MSBrossAI/apps/jartosdto/server/.venv/lib/python3.12/site-packages/uvicorn/importer.py", line 22, in import_from_string
    raise exc from None
  File "/home/ubuntu/MSBrossAI/apps/jartosdto/server/.venv/lib/python3.12/site-packages/uvicorn/importer.py", line 19, in import_from_string
    module = importlib.import_module(module_str)
             ^^^^^^^^^^^^^^^^^^^^^^^^^^^^^^^^^^^
  File "/home/ubuntu/.local/share/uv/python/cpython-3.12.13-linux-x86_64-gnu/lib/python3.12/importlib/__init__.py", line 90, in import_module
    return _bootstrap._gcd_import(name[level:], package, level)
           ^^^^^^^^^^^^^^^^^^^^^^^^^^^^^^^^^^^^^^^^^^^^^^^^^^^^
  File "<frozen importlib._bootstrap>", line 1387, in _gcd_import
  File "<frozen importlib._bootstrap>", line 1360, in _find_and_load
  File "<frozen importlib._bootstrap>", line 1331, in _find_and_load_unlocked
  File "<frozen importlib._bootstrap>", line 935, in _load_unlocked
  File "<frozen importlib._bootstrap_external>", line 999, in exec_module
  File "<frozen importlib._bootstrap>", line 488, in _call_with_frames_removed
  File "/home/ubuntu/MSBrossAI/apps/jartosdto/server/app/main.py", line 12, in <module>
    from app.api.router import api_router
  File "/home/ubuntu/MSBrossAI/apps/jartosdto/server/app/api/router.py", line 4, in <module>
    import aiofiles
ModuleNotFoundError: No module named 'aiofiles'
Traceback (most recent call last):
  File "<frozen runpy>", line 198, in _run_module_as_main
  File "<frozen runpy>", line 88, in _run_code
  File "/home/ubuntu/MSBrossAI/apps/jartosdto/server/.venv/lib/python3.12/site-packages/uvicorn/__main__.py", line 4, in <module>
    uvicorn.main()
  File "/home/ubuntu/MSBrossAI/apps/jartosdto/server/.venv/lib/python3.12/site-packages/click/core.py", line 1569, in __call__
    return self.main(*args, **kwargs)
           ^^^^^^^^^^^^^^^^^^^^^^^^^^
  File "/home/ubuntu/MSBrossAI/apps/jartosdto/server/.venv/lib/python3.12/site-packages/click/core.py", line 1490, in main
    rv = self.invoke(ctx)
         ^^^^^^^^^^^^^^^^
  File "/home/ubuntu/MSBrossAI/apps/jartosdto/server/.venv/lib/python3.12/site-packages/click/core.py", line 1353, in invoke
    return ctx.invoke(self.callback, **ctx.params)
           ^^^^^^^^^^^^^^^^^^^^^^^^^^^^^^^^^^^^^^^
  File "/home/ubuntu/MSBrossAI/apps/jartosdto/server/.venv/lib/python3.12/site-packages/click/core.py", line 907, in invoke
    return callback(*args, **kwargs)
           ^^^^^^^^^^^^^^^^^^^^^^^^^
  File "/home/ubuntu/MSBrossAI/apps/jartosdto/server/.venv/lib/python3.12/site-packages/uvicorn/main.py", line 441, in main
    run(
  File "/home/ubuntu/MSBrossAI/apps/jartosdto/server/.venv/lib/python3.12/site-packages/uvicorn/main.py", line 609, in run
    config.load_app()
  File "/home/ubuntu/MSBrossAI/apps/jartosdto/server/.venv/lib/python3.12/site-packages/uvicorn/config.py", line 415, in load_app
    return import_from_string(self.app)
           ^^^^^^^^^^^^^^^^^^^^^^^^^^^^
  File "/home/ubuntu/MSBrossAI/apps/jartosdto/server/.venv/lib/python3.12/site-packages/uvicorn/importer.py", line 22, in import_from_string
    raise exc from None
  File "/home/ubuntu/MSBrossAI/apps/jartosdto/server/.venv/lib/python3.12/site-packages/uvicorn/importer.py", line 19, in import_from_string
    module = importlib.import_module(module_str)
             ^^^^^^^^^^^^^^^^^^^^^^^^^^^^^^^^^^^
  File "/home/ubuntu/.local/share/uv/python/cpython-3.12.13-linux-x86_64-gnu/lib/python3.12/importlib/__init__.py", line 90, in import_module
    return _bootstrap._gcd_import(name[level:], package, level)
           ^^^^^^^^^^^^^^^^^^^^^^^^^^^^^^^^^^^^^^^^^^^^^^^^^^^^
  File "<frozen importlib._bootstrap>", line 1387, in _gcd_import
  File "<frozen importlib._bootstrap>", line 1360, in _find_and_load
  File "<frozen importlib._bootstrap>", line 1331, in _find_and_load_unlocked
  File "<frozen importlib._bootstrap>", line 935, in _load_unlocked
  File "<frozen importlib._bootstrap_external>", line 999, in exec_module
  File "<frozen importlib._bootstrap>", line 488, in _call_with_frames_removed
  File "/home/ubuntu/MSBrossAI/apps/jartosdto/server/app/main.py", line 12, in <module>
    from app.api.router import api_router
  File "/home/ubuntu/MSBrossAI/apps/jartosdto/server/app/api/router.py", line 4, in <module>
    import aiofiles
ModuleNotFoundError: No module named 'aiofiles'
Traceback (most recent call last):
  File "<frozen runpy>", line 198, in _run_module_as_main
  File "<frozen runpy>", line 88, in _run_code
  File "/home/ubuntu/MSBrossAI/apps/jartosdto/server/.venv/lib/python3.12/site-packages/uvicorn/__main__.py", line 4, in <module>
    uvicorn.main()
  File "/home/ubuntu/MSBrossAI/apps/jartosdto/server/.venv/lib/python3.12/site-packages/click/core.py", line 1569, in __call__
    return self.main(*args, **kwargs)
           ^^^^^^^^^^^^^^^^^^^^^^^^^^
  File "/home/ubuntu/MSBrossAI/apps/jartosdto/server/.venv/lib/python3.12/site-packages/click/core.py", line 1490, in main
    rv = self.invoke(ctx)
         ^^^^^^^^^^^^^^^^
  File "/home/ubuntu/MSBrossAI/apps/jartosdto/server/.venv/lib/python3.12/site-packages/click/core.py", line 1353, in invoke
    return ctx.invoke(self.callback, **ctx.params)
           ^^^^^^^^^^^^^^^^^^^^^^^^^^^^^^^^^^^^^^^
  File "/home/ubuntu/MSBrossAI/apps/jartosdto/server/.venv/lib/python3.12/site-packages/click/core.py", line 907, in invoke
    return callback(*args, **kwargs)
           ^^^^^^^^^^^^^^^^^^^^^^^^^
  File "/home/ubuntu/MSBrossAI/apps/jartosdto/server/.venv/lib/python3.12/site-packages/uvicorn/main.py", line 441, in main
    run(
  File "/home/ubuntu/MSBrossAI/apps/jartosdto/server/.venv/lib/python3.12/site-packages/uvicorn/main.py", line 609, in run
    config.load_app()
  File "/home/ubuntu/MSBrossAI/apps/jartosdto/server/.venv/lib/python3.12/site-packages/uvicorn/config.py", line 415, in load_app
    return import_from_string(self.app)
           ^^^^^^^^^^^^^^^^^^^^^^^^^^^^
  File "/home/ubuntu/MSBrossAI/apps/jartosdto/server/.venv/lib/python3.12/site-packages/uvicorn/importer.py", line 22, in import_from_string
    raise exc from None
  File "/home/ubuntu/MSBrossAI/apps/jartosdto/server/.venv/lib/python3.12/site-packages/uvicorn/importer.py", line 19, in import_from_string
    module = importlib.import_module(module_str)
             ^^^^^^^^^^^^^^^^^^^^^^^^^^^^^^^^^^^
  File "/home/ubuntu/.local/share/uv/python/cpython-3.12.13-linux-x86_64-gnu/lib/python3.12/importlib/__init__.py", line 90, in import_module
    return _bootstrap._gcd_import(name[level:], package, level)
           ^^^^^^^^^^^^^^^^^^^^^^^^^^^^^^^^^^^^^^^^^^^^^^^^^^^^
  File "<frozen importlib._bootstrap>", line 1387, in _gcd_import
  File "<frozen importlib._bootstrap>", line 1360, in _find_and_load
  File "<frozen importlib._bootstrap>", line 1331, in _find_and_load_unlocked
  File "<frozen importlib._bootstrap>", line 935, in _load_unlocked
  File "<frozen importlib._bootstrap_external>", line 999, in exec_module
  File "<frozen importlib._bootstrap>", line 488, in _call_with_frames_removed
  File "/home/ubuntu/MSBrossAI/apps/jartosdto/server/app/main.py", line 12, in <module>
    from app.api.router import api_router
  File "/home/ubuntu/MSBrossAI/apps/jartosdto/server/app/api/router.py", line 4, in <module>
    import aiofiles
ModuleNotFoundError: No module named 'aiofiles'
Traceback (most recent call last):
  File "<frozen runpy>", line 198, in _run_module_as_main
  File "<frozen runpy>", line 88, in _run_code
  File "/home/ubuntu/MSBrossAI/apps/jartosdto/server/.venv/lib/python3.12/site-packages/uvicorn/__main__.py", line 4, in <module>
    uvicorn.main()
  File "/home/ubuntu/MSBrossAI/apps/jartosdto/server/.venv/lib/python3.12/site-packages/click/core.py", line 1569, in __call__
    return self.main(*args, **kwargs)
           ^^^^^^^^^^^^^^^^^^^^^^^^^^
  File "/home/ubuntu/MSBrossAI/apps/jartosdto/server/.venv/lib/python3.12/site-packages/click/core.py", line 1490, in main
    rv = self.invoke(ctx)
         ^^^^^^^^^^^^^^^^
  File "/home/ubuntu/MSBrossAI/apps/jartosdto/server/.venv/lib/python3.12/site-packages/click/core.py", line 1353, in invoke
    return ctx.invoke(self.callback, **ctx.params)
           ^^^^^^^^^^^^^^^^^^^^^^^^^^^^^^^^^^^^^^^
  File "/home/ubuntu/MSBrossAI/apps/jartosdto/server/.venv/lib/python3.12/site-packages/click/core.py", line 907, in invoke
    return callback(*args, **kwargs)
           ^^^^^^^^^^^^^^^^^^^^^^^^^
  File "/home/ubuntu/MSBrossAI/apps/jartosdto/server/.venv/lib/python3.12/site-packages/uvicorn/main.py", line 441, in main
    run(
  File "/home/ubuntu/MSBrossAI/apps/jartosdto/server/.venv/lib/python3.12/site-packages/uvicorn/main.py", line 609, in run
    config.load_app()
  File "/home/ubuntu/MSBrossAI/apps/jartosdto/server/.venv/lib/python3.12/site-packages/uvicorn/config.py", line 415, in load_app
    return import_from_string(self.app)
           ^^^^^^^^^^^^^^^^^^^^^^^^^^^^
  File "/home/ubuntu/MSBrossAI/apps/jartosdto/server/.venv/lib/python3.12/site-packages/uvicorn/importer.py", line 22, in import_from_string
    raise exc from None
  File "/home/ubuntu/MSBrossAI/apps/jartosdto/server/.venv/lib/python3.12/site-packages/uvicorn/importer.py", line 19, in import_from_string
    module = importlib.import_module(module_str)
             ^^^^^^^^^^^^^^^^^^^^^^^^^^^^^^^^^^^
  File "/home/ubuntu/.local/share/uv/python/cpython-3.12.13-linux-x86_64-gnu/lib/python3.12/importlib/__init__.py", line 90, in import_module
    return _bootstrap._gcd_import(name[level:], package, level)
           ^^^^^^^^^^^^^^^^^^^^^^^^^^^^^^^^^^^^^^^^^^^^^^^^^^^^
  File "<frozen importlib._bootstrap>", line 1387, in _gcd_import
  File "<frozen importlib._bootstrap>", line 1360, in _find_and_load
  File "<frozen importlib._bootstrap>", line 1331, in _find_and_load_unlocked
  File "<frozen importlib._bootstrap>", line 935, in _load_unlocked
  File "<frozen importlib._bootstrap_external>", line 999, in exec_module
  File "<frozen importlib._bootstrap>", line 488, in _call_with_frames_removed
  File "/home/ubuntu/MSBrossAI/apps/jartosdto/server/app/main.py", line 12, in <module>
    from app.api.router import api_router
  File "/home/ubuntu/MSBrossAI/apps/jartosdto/server/app/api/router.py", line 4, in <module>
    import aiofiles
ModuleNotFoundError: No module named 'aiofiles'
Traceback (most recent call last):
  File "<frozen runpy>", line 198, in _run_module_as_main
  File "<frozen runpy>", line 88, in _run_code
  File "/home/ubuntu/MSBrossAI/apps/jartosdto/server/.venv/lib/python3.12/site-packages/uvicorn/__main__.py", line 4, in <module>
    uvicorn.main()
  File "/home/ubuntu/MSBrossAI/apps/jartosdto/server/.venv/lib/python3.12/site-packages/click/core.py", line 1569, in __call__
    return self.main(*args, **kwargs)
           ^^^^^^^^^^^^^^^^^^^^^^^^^^
  File "/home/ubuntu/MSBrossAI/apps/jartosdto/server/.venv/lib/python3.12/site-packages/click/core.py", line 1490, in main
    rv = self.invoke(ctx)
         ^^^^^^^^^^^^^^^^
  File "/home/ubuntu/MSBrossAI/apps/jartosdto/server/.venv/lib/python3.12/site-packages/click/core.py", line 1353, in invoke
    return ctx.invoke(self.callback, **ctx.params)
           ^^^^^^^^^^^^^^^^^^^^^^^^^^^^^^^^^^^^^^^
  File "/home/ubuntu/MSBrossAI/apps/jartosdto/server/.venv/lib/python3.12/site-packages/click/core.py", line 907, in invoke
    return callback(*args, **kwargs)
           ^^^^^^^^^^^^^^^^^^^^^^^^^
  File "/home/ubuntu/MSBrossAI/apps/jartosdto/server/.venv/lib/python3.12/site-packages/uvicorn/main.py", line 441, in main
    run(
  File "/home/ubuntu/MSBrossAI/apps/jartosdto/server/.venv/lib/python3.12/site-packages/uvicorn/main.py", line 609, in run
    config.load_app()
  File "/home/ubuntu/MSBrossAI/apps/jartosdto/server/.venv/lib/python3.12/site-packages/uvicorn/config.py", line 415, in load_app
    return import_from_string(self.app)
           ^^^^^^^^^^^^^^^^^^^^^^^^^^^^
  File "/home/ubuntu/MSBrossAI/apps/jartosdto/server/.venv/lib/python3.12/site-packages/uvicorn/importer.py", line 22, in import_from_string
    raise exc from None
  File "/home/ubuntu/MSBrossAI/apps/jartosdto/server/.venv/lib/python3.12/site-packages/uvicorn/importer.py", line 19, in import_from_string
    module = importlib.import_module(module_str)
             ^^^^^^^^^^^^^^^^^^^^^^^^^^^^^^^^^^^
  File "/home/ubuntu/.local/share/uv/python/cpython-3.12.13-linux-x86_64-gnu/lib/python3.12/importlib/__init__.py", line 90, in import_module
    return _bootstrap._gcd_import(name[level:], package, level)
           ^^^^^^^^^^^^^^^^^^^^^^^^^^^^^^^^^^^^^^^^^^^^^^^^^^^^
  File "<frozen importlib._bootstrap>", line 1387, in _gcd_import
  File "<frozen importlib._bootstrap>", line 1360, in _find_and_load
  File "<frozen importlib._bootstrap>", line 1331, in _find_and_load_unlocked
  File "<frozen importlib._bootstrap>", line 935, in _load_unlocked
  File "<frozen importlib._bootstrap_external>", line 999, in exec_module
  File "<frozen importlib._bootstrap>", line 488, in _call_with_frames_removed
  File "/home/ubuntu/MSBrossAI/apps/jartosdto/server/app/main.py", line 12, in <module>
    from app.api.router import api_router
  File "/home/ubuntu/MSBrossAI/apps/jartosdto/server/app/api/router.py", line 4, in <module>
    import aiofiles
ModuleNotFoundError: No module named 'aiofiles'
Traceback (most recent call last):
  File "<frozen runpy>", line 198, in _run_module_as_main
  File "<frozen runpy>", line 88, in _run_code
  File "/home/ubuntu/MSBrossAI/apps/jartosdto/server/.venv/lib/python3.12/site-packages/uvicorn/__main__.py", line 4, in <module>
    uvicorn.main()
  File "/home/ubuntu/MSBrossAI/apps/jartosdto/server/.venv/lib/python3.12/site-packages/click/core.py", line 1569, in __call__
    return self.main(*args, **kwargs)
           ^^^^^^^^^^^^^^^^^^^^^^^^^^
  File "/home/ubuntu/MSBrossAI/apps/jartosdto/server/.venv/lib/python3.12/site-packages/click/core.py", line 1490, in main
    rv = self.invoke(ctx)
         ^^^^^^^^^^^^^^^^
  File "/home/ubuntu/MSBrossAI/apps/jartosdto/server/.venv/lib/python3.12/site-packages/click/core.py", line 1353, in invoke
    return ctx.invoke(self.callback, **ctx.params)
           ^^^^^^^^^^^^^^^^^^^^^^^^^^^^^^^^^^^^^^^
  File "/home/ubuntu/MSBrossAI/apps/jartosdto/server/.venv/lib/python3.12/site-packages/click/core.py", line 907, in invoke
    return callback(*args, **kwargs)
           ^^^^^^^^^^^^^^^^^^^^^^^^^
  File "/home/ubuntu/MSBrossAI/apps/jartosdto/server/.venv/lib/python3.12/site-packages/uvicorn/main.py", line 441, in main
    run(
  File "/home/ubuntu/MSBrossAI/apps/jartosdto/server/.venv/lib/python3.12/site-packages/uvicorn/main.py", line 609, in run
    config.load_app()
  File "/home/ubuntu/MSBrossAI/apps/jartosdto/server/.venv/lib/python3.12/site-packages/uvicorn/config.py", line 415, in load_app
    return import_from_string(self.app)
           ^^^^^^^^^^^^^^^^^^^^^^^^^^^^
  File "/home/ubuntu/MSBrossAI/apps/jartosdto/server/.venv/lib/python3.12/site-packages/uvicorn/importer.py", line 22, in import_from_string
    raise exc from None
  File "/home/ubuntu/MSBrossAI/apps/jartosdto/server/.venv/lib/python3.12/site-packages/uvicorn/importer.py", line 19, in import_from_string
    module = importlib.import_module(module_str)
             ^^^^^^^^^^^^^^^^^^^^^^^^^^^^^^^^^^^
  File "/home/ubuntu/.local/share/uv/python/cpython-3.12.13-linux-x86_64-gnu/lib/python3.12/importlib/__init__.py", line 90, in import_module
    return _bootstrap._gcd_import(name[level:], package, level)
           ^^^^^^^^^^^^^^^^^^^^^^^^^^^^^^^^^^^^^^^^^^^^^^^^^^^^
  File "<frozen importlib._bootstrap>", line 1387, in _gcd_import
  File "<frozen importlib._bootstrap>", line 1360, in _find_and_load
  File "<frozen importlib._bootstrap>", line 1331, in _find_and_load_unlocked
  File "<frozen importlib._bootstrap>", line 935, in _load_unlocked
  File "<frozen importlib._bootstrap_external>", line 999, in exec_module
  File "<frozen importlib._bootstrap>", line 488, in _call_with_frames_removed
  File "/home/ubuntu/MSBrossAI/apps/jartosdto/server/app/main.py", line 12, in <module>
    from app.api.router import api_router
  File "/home/ubuntu/MSBrossAI/apps/jartosdto/server/app/api/router.py", line 4, in <module>
    import aiofiles
ModuleNotFoundError: No module named 'aiofiles'
Traceback (most recent call last):
  File "<frozen runpy>", line 198, in _run_module_as_main
  File "<frozen runpy>", line 88, in _run_code
  File "/home/ubuntu/MSBrossAI/apps/jartosdto/server/.venv/lib/python3.12/site-packages/uvicorn/__main__.py", line 4, in <module>
    uvicorn.main()
  File "/home/ubuntu/MSBrossAI/apps/jartosdto/server/.venv/lib/python3.12/site-packages/click/core.py", line 1569, in __call__
    return self.main(*args, **kwargs)
           ^^^^^^^^^^^^^^^^^^^^^^^^^^
  File "/home/ubuntu/MSBrossAI/apps/jartosdto/server/.venv/lib/python3.12/site-packages/click/core.py", line 1490, in main
    rv = self.invoke(ctx)
         ^^^^^^^^^^^^^^^^
  File "/home/ubuntu/MSBrossAI/apps/jartosdto/server/.venv/lib/python3.12/site-packages/click/core.py", line 1353, in invoke
    return ctx.invoke(self.callback, **ctx.params)
           ^^^^^^^^^^^^^^^^^^^^^^^^^^^^^^^^^^^^^^^
  File "/home/ubuntu/MSBrossAI/apps/jartosdto/server/.venv/lib/python3.12/site-packages/click/core.py", line 907, in invoke
    return callback(*args, **kwargs)
           ^^^^^^^^^^^^^^^^^^^^^^^^^
  File "/home/ubuntu/MSBrossAI/apps/jartosdto/server/.venv/lib/python3.12/site-packages/uvicorn/main.py", line 441, in main
    run(
  File "/home/ubuntu/MSBrossAI/apps/jartosdto/server/.venv/lib/python3.12/site-packages/uvicorn/main.py", line 609, in run
    config.load_app()
  File "/home/ubuntu/MSBrossAI/apps/jartosdto/server/.venv/lib/python3.12/site-packages/uvicorn/config.py", line 415, in load_app
    return import_from_string(self.app)
           ^^^^^^^^^^^^^^^^^^^^^^^^^^^^
  File "/home/ubuntu/MSBrossAI/apps/jartosdto/server/.venv/lib/python3.12/site-packages/uvicorn/importer.py", line 22, in import_from_string
    raise exc from None
  File "/home/ubuntu/MSBrossAI/apps/jartosdto/server/.venv/lib/python3.12/site-packages/uvicorn/importer.py", line 19, in import_from_string
    module = importlib.import_module(module_str)
             ^^^^^^^^^^^^^^^^^^^^^^^^^^^^^^^^^^^
  File "/home/ubuntu/.local/share/uv/python/cpython-3.12.13-linux-x86_64-gnu/lib/python3.12/importlib/__init__.py", line 90, in import_module
    return _bootstrap._gcd_import(name[level:], package, level)
           ^^^^^^^^^^^^^^^^^^^^^^^^^^^^^^^^^^^^^^^^^^^^^^^^^^^^
  File "<frozen importlib._bootstrap>", line 1387, in _gcd_import
  File "<frozen importlib._bootstrap>", line 1360, in _find_and_load
  File "<frozen importlib._bootstrap>", line 1331, in _find_and_load_unlocked
  File "<frozen importlib._bootstrap>", line 935, in _load_unlocked
  File "<frozen importlib._bootstrap_external>", line 999, in exec_module
  File "<frozen importlib._bootstrap>", line 488, in _call_with_frames_removed
  File "/home/ubuntu/MSBrossAI/apps/jartosdto/server/app/main.py", line 12, in <module>
    from app.api.router import api_router
  File "/home/ubuntu/MSBrossAI/apps/jartosdto/server/app/api/router.py", line 4, in <module>
    import aiofiles
ModuleNotFoundError: No module named 'aiofiles'
Traceback (most recent call last):
  File "<frozen runpy>", line 198, in _run_module_as_main
  File "<frozen runpy>", line 88, in _run_code
  File "/home/ubuntu/MSBrossAI/apps/jartosdto/server/.venv/lib/python3.12/site-packages/uvicorn/__main__.py", line 4, in <module>
    uvicorn.main()
  File "/home/ubuntu/MSBrossAI/apps/jartosdto/server/.venv/lib/python3.12/site-packages/click/core.py", line 1569, in __call__
    return self.main(*args, **kwargs)
           ^^^^^^^^^^^^^^^^^^^^^^^^^^
  File "/home/ubuntu/MSBrossAI/apps/jartosdto/server/.venv/lib/python3.12/site-packages/click/core.py", line 1490, in main
    rv = self.invoke(ctx)
         ^^^^^^^^^^^^^^^^
  File "/home/ubuntu/MSBrossAI/apps/jartosdto/server/.venv/lib/python3.12/site-packages/click/core.py", line 1353, in invoke
    return ctx.invoke(self.callback, **ctx.params)
           ^^^^^^^^^^^^^^^^^^^^^^^^^^^^^^^^^^^^^^^
  File "/home/ubuntu/MSBrossAI/apps/jartosdto/server/.venv/lib/python3.12/site-packages/click/core.py", line 907, in invoke
    return callback(*args, **kwargs)
           ^^^^^^^^^^^^^^^^^^^^^^^^^
  File "/home/ubuntu/MSBrossAI/apps/jartosdto/server/.venv/lib/python3.12/site-packages/uvicorn/main.py", line 441, in main
    run(
  File "/home/ubuntu/MSBrossAI/apps/jartosdto/server/.venv/lib/python3.12/site-packages/uvicorn/main.py", line 609, in run
    config.load_app()
  File "/home/ubuntu/MSBrossAI/apps/jartosdto/server/.venv/lib/python3.12/site-packages/uvicorn/config.py", line 415, in load_app
    return import_from_string(self.app)
           ^^^^^^^^^^^^^^^^^^^^^^^^^^^^
  File "/home/ubuntu/MSBrossAI/apps/jartosdto/server/.venv/lib/python3.12/site-packages/uvicorn/importer.py", line 22, in import_from_string
    raise exc from None
  File "/home/ubuntu/MSBrossAI/apps/jartosdto/server/.venv/lib/python3.12/site-packages/uvicorn/importer.py", line 19, in import_from_string
    module = importlib.import_module(module_str)
             ^^^^^^^^^^^^^^^^^^^^^^^^^^^^^^^^^^^
  File "/home/ubuntu/.local/share/uv/python/cpython-3.12.13-linux-x86_64-gnu/lib/python3.12/importlib/__init__.py", line 90, in import_module
    return _bootstrap._gcd_import(name[level:], package, level)
           ^^^^^^^^^^^^^^^^^^^^^^^^^^^^^^^^^^^^^^^^^^^^^^^^^^^^
  File "<frozen importlib._bootstrap>", line 1387, in _gcd_import
  File "<frozen importlib._bootstrap>", line 1360, in _find_and_load
  File "<frozen importlib._bootstrap>", line 1331, in _find_and_load_unlocked
  File "<frozen importlib._bootstrap>", line 935, in _load_unlocked
  File "<frozen importlib._bootstrap_external>", line 999, in exec_module
  File "<frozen importlib._bootstrap>", line 488, in _call_with_frames_removed
  File "/home/ubuntu/MSBrossAI/apps/jartosdto/server/app/main.py", line 12, in <module>
    from app.api.router import api_router
  File "/home/ubuntu/MSBrossAI/apps/jartosdto/server/app/api/router.py", line 4, in <module>
    import aiofiles
ModuleNotFoundError: No module named 'aiofiles'
Traceback (most recent call last):
  File "<frozen runpy>", line 198, in _run_module_as_main
  File "<frozen runpy>", line 88, in _run_code
  File "/home/ubuntu/MSBrossAI/apps/jartosdto/server/.venv/lib/python3.12/site-packages/uvicorn/__main__.py", line 4, in <module>
    uvicorn.main()
  File "/home/ubuntu/MSBrossAI/apps/jartosdto/server/.venv/lib/python3.12/site-packages/click/core.py", line 1569, in __call__
    return self.main(*args, **kwargs)
           ^^^^^^^^^^^^^^^^^^^^^^^^^^
  File "/home/ubuntu/MSBrossAI/apps/jartosdto/server/.venv/lib/python3.12/site-packages/click/core.py", line 1490, in main
    rv = self.invoke(ctx)
         ^^^^^^^^^^^^^^^^
  File "/home/ubuntu/MSBrossAI/apps/jartosdto/server/.venv/lib/python3.12/site-packages/click/core.py", line 1353, in invoke
    return ctx.invoke(self.callback, **ctx.params)
           ^^^^^^^^^^^^^^^^^^^^^^^^^^^^^^^^^^^^^^^
  File "/home/ubuntu/MSBrossAI/apps/jartosdto/server/.venv/lib/python3.12/site-packages/click/core.py", line 907, in invoke
    return callback(*args, **kwargs)
           ^^^^^^^^^^^^^^^^^^^^^^^^^
  File "/home/ubuntu/MSBrossAI/apps/jartosdto/server/.venv/lib/python3.12/site-packages/uvicorn/main.py", line 441, in main
    run(
  File "/home/ubuntu/MSBrossAI/apps/jartosdto/server/.venv/lib/python3.12/site-packages/uvicorn/main.py", line 609, in run
    config.load_app()
  File "/home/ubuntu/MSBrossAI/apps/jartosdto/server/.venv/lib/python3.12/site-packages/uvicorn/config.py", line 415, in load_app
    return import_from_string(self.app)
           ^^^^^^^^^^^^^^^^^^^^^^^^^^^^
  File "/home/ubuntu/MSBrossAI/apps/jartosdto/server/.venv/lib/python3.12/site-packages/uvicorn/importer.py", line 22, in import_from_string
    raise exc from None
  File "/home/ubuntu/MSBrossAI/apps/jartosdto/server/.venv/lib/python3.12/site-packages/uvicorn/importer.py", line 19, in import_from_string
    module = importlib.import_module(module_str)
             ^^^^^^^^^^^^^^^^^^^^^^^^^^^^^^^^^^^
  File "/home/ubuntu/.local/share/uv/python/cpython-3.12.13-linux-x86_64-gnu/lib/python3.12/importlib/__init__.py", line 90, in import_module
    return _bootstrap._gcd_import(name[level:], package, level)
           ^^^^^^^^^^^^^^^^^^^^^^^^^^^^^^^^^^^^^^^^^^^^^^^^^^^^
  File "<frozen importlib._bootstrap>", line 1387, in _gcd_import
  File "<frozen importlib._bootstrap>", line 1360, in _find_and_load
  File "<frozen importlib._bootstrap>", line 1331, in _find_and_load_unlocked
  File "<frozen importlib._bootstrap>", line 935, in _load_unlocked
  File "<frozen importlib._bootstrap_external>", line 999, in exec_module
  File "<frozen importlib._bootstrap>", line 488, in _call_with_frames_removed
  File "/home/ubuntu/MSBrossAI/apps/jartosdto/server/app/main.py", line 12, in <module>
    from app.api.router import api_router
  File "/home/ubuntu/MSBrossAI/apps/jartosdto/server/app/api/router.py", line 4, in <module>
    import aiofiles
ModuleNotFoundError: No module named 'aiofiles'
Traceback (most recent call last):
  File "<frozen runpy>", line 198, in _run_module_as_main
  File "<frozen runpy>", line 88, in _run_code
  File "/home/ubuntu/MSBrossAI/apps/jartosdto/server/.venv/lib/python3.12/site-packages/uvicorn/__main__.py", line 4, in <module>
    uvicorn.main()
  File "/home/ubuntu/MSBrossAI/apps/jartosdto/server/.venv/lib/python3.12/site-packages/click/core.py", line 1569, in __call__
    return self.main(*args, **kwargs)
           ^^^^^^^^^^^^^^^^^^^^^^^^^^
  File "/home/ubuntu/MSBrossAI/apps/jartosdto/server/.venv/lib/python3.12/site-packages/click/core.py", line 1490, in main
    rv = self.invoke(ctx)
         ^^^^^^^^^^^^^^^^
  File "/home/ubuntu/MSBrossAI/apps/jartosdto/server/.venv/lib/python3.12/site-packages/click/core.py", line 1353, in invoke
    return ctx.invoke(self.callback, **ctx.params)
           ^^^^^^^^^^^^^^^^^^^^^^^^^^^^^^^^^^^^^^^
  File "/home/ubuntu/MSBrossAI/apps/jartosdto/server/.venv/lib/python3.12/site-packages/click/core.py", line 907, in invoke
    return callback(*args, **kwargs)
           ^^^^^^^^^^^^^^^^^^^^^^^^^
  File "/home/ubuntu/MSBrossAI/apps/jartosdto/server/.venv/lib/python3.12/site-packages/uvicorn/main.py", line 441, in main
    run(
  File "/home/ubuntu/MSBrossAI/apps/jartosdto/server/.venv/lib/python3.12/site-packages/uvicorn/main.py", line 609, in run
    config.load_app()
  File "/home/ubuntu/MSBrossAI/apps/jartosdto/server/.venv/lib/python3.12/site-packages/uvicorn/config.py", line 415, in load_app
    return import_from_string(self.app)
           ^^^^^^^^^^^^^^^^^^^^^^^^^^^^
  File "/home/ubuntu/MSBrossAI/apps/jartosdto/server/.venv/lib/python3.12/site-packages/uvicorn/importer.py", line 22, in import_from_string
    raise exc from None
  File "/home/ubuntu/MSBrossAI/apps/jartosdto/server/.venv/lib/python3.12/site-packages/uvicorn/importer.py", line 19, in import_from_string
    module = importlib.import_module(module_str)
             ^^^^^^^^^^^^^^^^^^^^^^^^^^^^^^^^^^^
  File "/home/ubuntu/.local/share/uv/python/cpython-3.12.13-linux-x86_64-gnu/lib/python3.12/importlib/__init__.py", line 90, in import_module
    return _bootstrap._gcd_import(name[level:], package, level)
           ^^^^^^^^^^^^^^^^^^^^^^^^^^^^^^^^^^^^^^^^^^^^^^^^^^^^
  File "<frozen importlib._bootstrap>", line 1387, in _gcd_import
  File "<frozen importlib._bootstrap>", line 1360, in _find_and_load
  File "<frozen importlib._bootstrap>", line 1331, in _find_and_load_unlocked
  File "<frozen importlib._bootstrap>", line 935, in _load_unlocked
  File "<frozen importlib._bootstrap_external>", line 999, in exec_module
  File "<frozen importlib._bootstrap>", line 488, in _call_with_frames_removed
  File "/home/ubuntu/MSBrossAI/apps/jartosdto/server/app/main.py", line 12, in <module>
    from app.api.router import api_router
  File "/home/ubuntu/MSBrossAI/apps/jartosdto/server/app/api/router.py", line 4, in <module>
    import aiofiles
ModuleNotFoundError: No module named 'aiofiles'
Traceback (most recent call last):
  File "<frozen runpy>", line 198, in _run_module_as_main
  File "<frozen runpy>", line 88, in _run_code
  File "/home/ubuntu/MSBrossAI/apps/jartosdto/server/.venv/lib/python3.12/site-packages/uvicorn/__main__.py", line 4, in <module>
    uvicorn.main()
  File "/home/ubuntu/MSBrossAI/apps/jartosdto/server/.venv/lib/python3.12/site-packages/click/core.py", line 1569, in __call__
    return self.main(*args, **kwargs)
           ^^^^^^^^^^^^^^^^^^^^^^^^^^
  File "/home/ubuntu/MSBrossAI/apps/jartosdto/server/.venv/lib/python3.12/site-packages/click/core.py", line 1490, in main
    rv = self.invoke(ctx)
         ^^^^^^^^^^^^^^^^
  File "/home/ubuntu/MSBrossAI/apps/jartosdto/server/.venv/lib/python3.12/site-packages/click/core.py", line 1353, in invoke
    return ctx.invoke(self.callback, **ctx.params)
           ^^^^^^^^^^^^^^^^^^^^^^^^^^^^^^^^^^^^^^^
  File "/home/ubuntu/MSBrossAI/apps/jartosdto/server/.venv/lib/python3.12/site-packages/click/core.py", line 907, in invoke
    return callback(*args, **kwargs)
           ^^^^^^^^^^^^^^^^^^^^^^^^^
  File "/home/ubuntu/MSBrossAI/apps/jartosdto/server/.venv/lib/python3.12/site-packages/uvicorn/main.py", line 441, in main
    run(
  File "/home/ubuntu/MSBrossAI/apps/jartosdto/server/.venv/lib/python3.12/site-packages/uvicorn/main.py", line 609, in run
    config.load_app()
  File "/home/ubuntu/MSBrossAI/apps/jartosdto/server/.venv/lib/python3.12/site-packages/uvicorn/config.py", line 415, in load_app
    return import_from_string(self.app)
           ^^^^^^^^^^^^^^^^^^^^^^^^^^^^
  File "/home/ubuntu/MSBrossAI/apps/jartosdto/server/.venv/lib/python3.12/site-packages/uvicorn/importer.py", line 22, in import_from_string
    raise exc from None
  File "/home/ubuntu/MSBrossAI/apps/jartosdto/server/.venv/lib/python3.12/site-packages/uvicorn/importer.py", line 19, in import_from_string
    module = importlib.import_module(module_str)
             ^^^^^^^^^^^^^^^^^^^^^^^^^^^^^^^^^^^
  File "/home/ubuntu/.local/share/uv/python/cpython-3.12.13-linux-x86_64-gnu/lib/python3.12/importlib/__init__.py", line 90, in import_module
    return _bootstrap._gcd_import(name[level:], package, level)
           ^^^^^^^^^^^^^^^^^^^^^^^^^^^^^^^^^^^^^^^^^^^^^^^^^^^^
  File "<frozen importlib._bootstrap>", line 1387, in _gcd_import
  File "<frozen importlib._bootstrap>", line 1360, in _find_and_load
  File "<frozen importlib._bootstrap>", line 1331, in _find_and_load_unlocked
  File "<frozen importlib._bootstrap>", line 935, in _load_unlocked
  File "<frozen importlib._bootstrap_external>", line 999, in exec_module
  File "<frozen importlib._bootstrap>", line 488, in _call_with_frames_removed
  File "/home/ubuntu/MSBrossAI/apps/jartosdto/server/app/main.py", line 12, in <module>
    from app.api.router import api_router
  File "/home/ubuntu/MSBrossAI/apps/jartosdto/server/app/api/router.py", line 4, in <module>
    import aiofiles
ModuleNotFoundError: No module named 'aiofiles'
Traceback (most recent call last):
  File "<frozen runpy>", line 198, in _run_module_as_main
  File "<frozen runpy>", line 88, in _run_code
  File "/home/ubuntu/MSBrossAI/apps/jartosdto/server/.venv/lib/python3.12/site-packages/uvicorn/__main__.py", line 4, in <module>
    uvicorn.main()
  File "/home/ubuntu/MSBrossAI/apps/jartosdto/server/.venv/lib/python3.12/site-packages/click/core.py", line 1569, in __call__
    return self.main(*args, **kwargs)
           ^^^^^^^^^^^^^^^^^^^^^^^^^^
  File "/home/ubuntu/MSBrossAI/apps/jartosdto/server/.venv/lib/python3.12/site-packages/click/core.py", line 1490, in main
    rv = self.invoke(ctx)
         ^^^^^^^^^^^^^^^^
  File "/home/ubuntu/MSBrossAI/apps/jartosdto/server/.venv/lib/python3.12/site-packages/click/core.py", line 1353, in invoke
    return ctx.invoke(self.callback, **ctx.params)
           ^^^^^^^^^^^^^^^^^^^^^^^^^^^^^^^^^^^^^^^
  File "/home/ubuntu/MSBrossAI/apps/jartosdto/server/.venv/lib/python3.12/site-packages/click/core.py", line 907, in invoke
    return callback(*args, **kwargs)
           ^^^^^^^^^^^^^^^^^^^^^^^^^
  File "/home/ubuntu/MSBrossAI/apps/jartosdto/server/.venv/lib/python3.12/site-packages/uvicorn/main.py", line 441, in main
    run(
  File "/home/ubuntu/MSBrossAI/apps/jartosdto/server/.venv/lib/python3.12/site-packages/uvicorn/main.py", line 609, in run
    config.load_app()
  File "/home/ubuntu/MSBrossAI/apps/jartosdto/server/.venv/lib/python3.12/site-packages/uvicorn/config.py", line 415, in load_app
    return import_from_string(self.app)
           ^^^^^^^^^^^^^^^^^^^^^^^^^^^^
  File "/home/ubuntu/MSBrossAI/apps/jartosdto/server/.venv/lib/python3.12/site-packages/uvicorn/importer.py", line 22, in import_from_string
    raise exc from None
  File "/home/ubuntu/MSBrossAI/apps/jartosdto/server/.venv/lib/python3.12/site-packages/uvicorn/importer.py", line 19, in import_from_string
    module = importlib.import_module(module_str)
             ^^^^^^^^^^^^^^^^^^^^^^^^^^^^^^^^^^^
  File "/home/ubuntu/.local/share/uv/python/cpython-3.12.13-linux-x86_64-gnu/lib/python3.12/importlib/__init__.py", line 90, in import_module
    return _bootstrap._gcd_import(name[level:], package, level)
           ^^^^^^^^^^^^^^^^^^^^^^^^^^^^^^^^^^^^^^^^^^^^^^^^^^^^
  File "<frozen importlib._bootstrap>", line 1387, in _gcd_import
  File "<frozen importlib._bootstrap>", line 1360, in _find_and_load
  File "<frozen importlib._bootstrap>", line 1331, in _find_and_load_unlocked
  File "<frozen importlib._bootstrap>", line 935, in _load_unlocked
  File "<frozen importlib._bootstrap_external>", line 999, in exec_module
  File "<frozen importlib._bootstrap>", line 488, in _call_with_frames_removed
  File "/home/ubuntu/MSBrossAI/apps/jartosdto/server/app/main.py", line 12, in <module>
    from app.api.router import api_router
  File "/home/ubuntu/MSBrossAI/apps/jartosdto/server/app/api/router.py", line 4, in <module>
    import aiofiles
ModuleNotFoundError: No module named 'aiofiles'
Traceback (most recent call last):
  File "<frozen runpy>", line 198, in _run_module_as_main
  File "<frozen runpy>", line 88, in _run_code
  File "/home/ubuntu/MSBrossAI/apps/jartosdto/server/.venv/lib/python3.12/site-packages/uvicorn/__main__.py", line 4, in <module>
    uvicorn.main()
  File "/home/ubuntu/MSBrossAI/apps/jartosdto/server/.venv/lib/python3.12/site-packages/click/core.py", line 1569, in __call__
    return self.main(*args, **kwargs)
           ^^^^^^^^^^^^^^^^^^^^^^^^^^
  File "/home/ubuntu/MSBrossAI/apps/jartosdto/server/.venv/lib/python3.12/site-packages/click/core.py", line 1490, in main
    rv = self.invoke(ctx)
         ^^^^^^^^^^^^^^^^
  File "/home/ubuntu/MSBrossAI/apps/jartosdto/server/.venv/lib/python3.12/site-packages/click/core.py", line 1353, in invoke
    return ctx.invoke(self.callback, **ctx.params)
           ^^^^^^^^^^^^^^^^^^^^^^^^^^^^^^^^^^^^^^^
  File "/home/ubuntu/MSBrossAI/apps/jartosdto/server/.venv/lib/python3.12/site-packages/click/core.py", line 907, in invoke
    return callback(*args, **kwargs)
           ^^^^^^^^^^^^^^^^^^^^^^^^^
  File "/home/ubuntu/MSBrossAI/apps/jartosdto/server/.venv/lib/python3.12/site-packages/uvicorn/main.py", line 441, in main
    run(
  File "/home/ubuntu/MSBrossAI/apps/jartosdto/server/.venv/lib/python3.12/site-packages/uvicorn/main.py", line 609, in run
    config.load_app()
  File "/home/ubuntu/MSBrossAI/apps/jartosdto/server/.venv/lib/python3.12/site-packages/uvicorn/config.py", line 415, in load_app
    return import_from_string(self.app)
           ^^^^^^^^^^^^^^^^^^^^^^^^^^^^
  File "/home/ubuntu/MSBrossAI/apps/jartosdto/server/.venv/lib/python3.12/site-packages/uvicorn/importer.py", line 22, in import_from_string
    raise exc from None
  File "/home/ubuntu/MSBrossAI/apps/jartosdto/server/.venv/lib/python3.12/site-packages/uvicorn/importer.py", line 19, in import_from_string
    module = importlib.import_module(module_str)
             ^^^^^^^^^^^^^^^^^^^^^^^^^^^^^^^^^^^
  File "/home/ubuntu/.local/share/uv/python/cpython-3.12.13-linux-x86_64-gnu/lib/python3.12/importlib/__init__.py", line 90, in import_module
    return _bootstrap._gcd_import(name[level:], package, level)
           ^^^^^^^^^^^^^^^^^^^^^^^^^^^^^^^^^^^^^^^^^^^^^^^^^^^^
  File "<frozen importlib._bootstrap>", line 1387, in _gcd_import
  File "<frozen importlib._bootstrap>", line 1360, in _find_and_load
  File "<frozen importlib._bootstrap>", line 1331, in _find_and_load_unlocked
  File "<frozen importlib._bootstrap>", line 935, in _load_unlocked
  File "<frozen importlib._bootstrap_external>", line 999, in exec_module
  File "<frozen importlib._bootstrap>", line 488, in _call_with_frames_removed
  File "/home/ubuntu/MSBrossAI/apps/jartosdto/server/app/main.py", line 12, in <module>
    from app.api.router import api_router
  File "/home/ubuntu/MSBrossAI/apps/jartosdto/server/app/api/router.py", line 4, in <module>
    import aiofiles
ModuleNotFoundError: No module named 'aiofiles'
Traceback (most recent call last):
  File "<frozen runpy>", line 198, in _run_module_as_main
  File "<frozen runpy>", line 88, in _run_code
  File "/home/ubuntu/MSBrossAI/apps/jartosdto/server/.venv/lib/python3.12/site-packages/uvicorn/__main__.py", line 4, in <module>
    uvicorn.main()
  File "/home/ubuntu/MSBrossAI/apps/jartosdto/server/.venv/lib/python3.12/site-packages/click/core.py", line 1569, in __call__
    return self.main(*args, **kwargs)
           ^^^^^^^^^^^^^^^^^^^^^^^^^^
  File "/home/ubuntu/MSBrossAI/apps/jartosdto/server/.venv/lib/python3.12/site-packages/click/core.py", line 1490, in main
    rv = self.invoke(ctx)
         ^^^^^^^^^^^^^^^^
  File "/home/ubuntu/MSBrossAI/apps/jartosdto/server/.venv/lib/python3.12/site-packages/click/core.py", line 1353, in invoke
    return ctx.invoke(self.callback, **ctx.params)
           ^^^^^^^^^^^^^^^^^^^^^^^^^^^^^^^^^^^^^^^
  File "/home/ubuntu/MSBrossAI/apps/jartosdto/server/.venv/lib/python3.12/site-packages/click/core.py", line 907, in invoke
    return callback(*args, **kwargs)
           ^^^^^^^^^^^^^^^^^^^^^^^^^
  File "/home/ubuntu/MSBrossAI/apps/jartosdto/server/.venv/lib/python3.12/site-packages/uvicorn/main.py", line 441, in main
    run(
  File "/home/ubuntu/MSBrossAI/apps/jartosdto/server/.venv/lib/python3.12/site-packages/uvicorn/main.py", line 609, in run
    config.load_app()
  File "/home/ubuntu/MSBrossAI/apps/jartosdto/server/.venv/lib/python3.12/site-packages/uvicorn/config.py", line 415, in load_app
    return import_from_string(self.app)
           ^^^^^^^^^^^^^^^^^^^^^^^^^^^^
  File "/home/ubuntu/MSBrossAI/apps/jartosdto/server/.venv/lib/python3.12/site-packages/uvicorn/importer.py", line 22, in import_from_string
    raise exc from None
  File "/home/ubuntu/MSBrossAI/apps/jartosdto/server/.venv/lib/python3.12/site-packages/uvicorn/importer.py", line 19, in import_from_string
    module = importlib.import_module(module_str)
             ^^^^^^^^^^^^^^^^^^^^^^^^^^^^^^^^^^^
  File "/home/ubuntu/.local/share/uv/python/cpython-3.12.13-linux-x86_64-gnu/lib/python3.12/importlib/__init__.py", line 90, in import_module
    return _bootstrap._gcd_import(name[level:], package, level)
           ^^^^^^^^^^^^^^^^^^^^^^^^^^^^^^^^^^^^^^^^^^^^^^^^^^^^
  File "<frozen importlib._bootstrap>", line 1387, in _gcd_import
  File "<frozen importlib._bootstrap>", line 1360, in _find_and_load
  File "<frozen importlib._bootstrap>", line 1331, in _find_and_load_unlocked
  File "<frozen importlib._bootstrap>", line 935, in _load_unlocked
  File "<frozen importlib._bootstrap_external>", line 999, in exec_module
  File "<frozen importlib._bootstrap>", line 488, in _call_with_frames_removed
  File "/home/ubuntu/MSBrossAI/apps/jartosdto/server/app/main.py", line 12, in <module>
    from app.api.router import api_router
  File "/home/ubuntu/MSBrossAI/apps/jartosdto/server/app/api/router.py", line 4, in <module>
    import aiofiles
ModuleNotFoundError: No module named 'aiofiles'
Traceback (most recent call last):
  File "<frozen runpy>", line 198, in _run_module_as_main
  File "<frozen runpy>", line 88, in _run_code
  File "/home/ubuntu/MSBrossAI/apps/jartosdto/server/.venv/lib/python3.12/site-packages/uvicorn/__main__.py", line 4, in <module>
    uvicorn.main()
  File "/home/ubuntu/MSBrossAI/apps/jartosdto/server/.venv/lib/python3.12/site-packages/click/core.py", line 1569, in __call__
    return self.main(*args, **kwargs)
           ^^^^^^^^^^^^^^^^^^^^^^^^^^
  File "/home/ubuntu/MSBrossAI/apps/jartosdto/server/.venv/lib/python3.12/site-packages/click/core.py", line 1490, in main
    rv = self.invoke(ctx)
         ^^^^^^^^^^^^^^^^
  File "/home/ubuntu/MSBrossAI/apps/jartosdto/server/.venv/lib/python3.12/site-packages/click/core.py", line 1353, in invoke
    return ctx.invoke(self.callback, **ctx.params)
           ^^^^^^^^^^^^^^^^^^^^^^^^^^^^^^^^^^^^^^^
  File "/home/ubuntu/MSBrossAI/apps/jartosdto/server/.venv/lib/python3.12/site-packages/click/core.py", line 907, in invoke
    return callback(*args, **kwargs)
           ^^^^^^^^^^^^^^^^^^^^^^^^^
  File "/home/ubuntu/MSBrossAI/apps/jartosdto/server/.venv/lib/python3.12/site-packages/uvicorn/main.py", line 441, in main
    run(
  File "/home/ubuntu/MSBrossAI/apps/jartosdto/server/.venv/lib/python3.12/site-packages/uvicorn/main.py", line 609, in run
    config.load_app()
  File "/home/ubuntu/MSBrossAI/apps/jartosdto/server/.venv/lib/python3.12/site-packages/uvicorn/config.py", line 415, in load_app
    return import_from_string(self.app)
           ^^^^^^^^^^^^^^^^^^^^^^^^^^^^
  File "/home/ubuntu/MSBrossAI/apps/jartosdto/server/.venv/lib/python3.12/site-packages/uvicorn/importer.py", line 22, in import_from_string
    raise exc from None
  File "/home/ubuntu/MSBrossAI/apps/jartosdto/server/.venv/lib/python3.12/site-packages/uvicorn/importer.py", line 19, in import_from_string
    module = importlib.import_module(module_str)
             ^^^^^^^^^^^^^^^^^^^^^^^^^^^^^^^^^^^
  File "/home/ubuntu/.local/share/uv/python/cpython-3.12.13-linux-x86_64-gnu/lib/python3.12/importlib/__init__.py", line 90, in import_module
    return _bootstrap._gcd_import(name[level:], package, level)
           ^^^^^^^^^^^^^^^^^^^^^^^^^^^^^^^^^^^^^^^^^^^^^^^^^^^^
  File "<frozen importlib._bootstrap>", line 1387, in _gcd_import
  File "<frozen importlib._bootstrap>", line 1360, in _find_and_load
  File "<frozen importlib._bootstrap>", line 1331, in _find_and_load_unlocked
  File "<frozen importlib._bootstrap>", line 935, in _load_unlocked
  File "<frozen importlib._bootstrap_external>", line 999, in exec_module
  File "<frozen importlib._bootstrap>", line 488, in _call_with_frames_removed
  File "/home/ubuntu/MSBrossAI/apps/jartosdto/server/app/main.py", line 12, in <module>
    from app.api.router import api_router
  File "/home/ubuntu/MSBrossAI/apps/jartosdto/server/app/api/router.py", line 4, in <module>
    import aiofiles
ModuleNotFoundError: No module named 'aiofiles'
Traceback (most recent call last):
  File "<frozen runpy>", line 198, in _run_module_as_main
  File "<frozen runpy>", line 88, in _run_code
  File "/home/ubuntu/MSBrossAI/apps/jartosdto/server/.venv/lib/python3.12/site-packages/uvicorn/__main__.py", line 4, in <module>
    uvicorn.main()
  File "/home/ubuntu/MSBrossAI/apps/jartosdto/server/.venv/lib/python3.12/site-packages/click/core.py", line 1569, in __call__
    return self.main(*args, **kwargs)
           ^^^^^^^^^^^^^^^^^^^^^^^^^^
  File "/home/ubuntu/MSBrossAI/apps/jartosdto/server/.venv/lib/python3.12/site-packages/click/core.py", line 1490, in main
    rv = self.invoke(ctx)
         ^^^^^^^^^^^^^^^^
  File "/home/ubuntu/MSBrossAI/apps/jartosdto/server/.venv/lib/python3.12/site-packages/click/core.py", line 1353, in invoke
    return ctx.invoke(self.callback, **ctx.params)
           ^^^^^^^^^^^^^^^^^^^^^^^^^^^^^^^^^^^^^^^
  File "/home/ubuntu/MSBrossAI/apps/jartosdto/server/.venv/lib/python3.12/site-packages/click/core.py", line 907, in invoke
    return callback(*args, **kwargs)
           ^^^^^^^^^^^^^^^^^^^^^^^^^
  File "/home/ubuntu/MSBrossAI/apps/jartosdto/server/.venv/lib/python3.12/site-packages/uvicorn/main.py", line 441, in main
    run(
  File "/home/ubuntu/MSBrossAI/apps/jartosdto/server/.venv/lib/python3.12/site-packages/uvicorn/main.py", line 609, in run
    config.load_app()
  File "/home/ubuntu/MSBrossAI/apps/jartosdto/server/.venv/lib/python3.12/site-packages/uvicorn/config.py", line 415, in load_app
    return import_from_string(self.app)
           ^^^^^^^^^^^^^^^^^^^^^^^^^^^^
  File "/home/ubuntu/MSBrossAI/apps/jartosdto/server/.venv/lib/python3.12/site-packages/uvicorn/importer.py", line 22, in import_from_string
    raise exc from None
  File "/home/ubuntu/MSBrossAI/apps/jartosdto/server/.venv/lib/python3.12/site-packages/uvicorn/importer.py", line 19, in import_from_string
    module = importlib.import_module(module_str)
             ^^^^^^^^^^^^^^^^^^^^^^^^^^^^^^^^^^^
  File "/home/ubuntu/.local/share/uv/python/cpython-3.12.13-linux-x86_64-gnu/lib/python3.12/importlib/__init__.py", line 90, in import_module
    return _bootstrap._gcd_import(name[level:], package, level)
           ^^^^^^^^^^^^^^^^^^^^^^^^^^^^^^^^^^^^^^^^^^^^^^^^^^^^
  File "<frozen importlib._bootstrap>", line 1387, in _gcd_import
  File "<frozen importlib._bootstrap>", line 1360, in _find_and_load
  File "<frozen importlib._bootstrap>", line 1331, in _find_and_load_unlocked
  File "<frozen importlib._bootstrap>", line 935, in _load_unlocked
  File "<frozen importlib._bootstrap_external>", line 999, in exec_module
  File "<frozen importlib._bootstrap>", line 488, in _call_with_frames_removed
  File "/home/ubuntu/MSBrossAI/apps/jartosdto/server/app/main.py", line 12, in <module>
    from app.api.router import api_router
  File "/home/ubuntu/MSBrossAI/apps/jartosdto/server/app/api/router.py", line 4, in <module>
    import aiofiles
ModuleNotFoundError: No module named 'aiofiles'
Traceback (most recent call last):
  File "<frozen runpy>", line 198, in _run_module_as_main
  File "<frozen runpy>", line 88, in _run_code
  File "/home/ubuntu/MSBrossAI/apps/jartosdto/server/.venv/lib/python3.12/site-packages/uvicorn/__main__.py", line 4, in <module>
    uvicorn.main()
  File "/home/ubuntu/MSBrossAI/apps/jartosdto/server/.venv/lib/python3.12/site-packages/click/core.py", line 1569, in __call__
    return self.main(*args, **kwargs)
           ^^^^^^^^^^^^^^^^^^^^^^^^^^
  File "/home/ubuntu/MSBrossAI/apps/jartosdto/server/.venv/lib/python3.12/site-packages/click/core.py", line 1490, in main
    rv = self.invoke(ctx)
         ^^^^^^^^^^^^^^^^
  File "/home/ubuntu/MSBrossAI/apps/jartosdto/server/.venv/lib/python3.12/site-packages/click/core.py", line 1353, in invoke
    return ctx.invoke(self.callback, **ctx.params)
           ^^^^^^^^^^^^^^^^^^^^^^^^^^^^^^^^^^^^^^^
  File "/home/ubuntu/MSBrossAI/apps/jartosdto/server/.venv/lib/python3.12/site-packages/click/core.py", line 907, in invoke
    return callback(*args, **kwargs)
           ^^^^^^^^^^^^^^^^^^^^^^^^^
  File "/home/ubuntu/MSBrossAI/apps/jartosdto/server/.venv/lib/python3.12/site-packages/uvicorn/main.py", line 441, in main
    run(
  File "/home/ubuntu/MSBrossAI/apps/jartosdto/server/.venv/lib/python3.12/site-packages/uvicorn/main.py", line 609, in run
    config.load_app()
  File "/home/ubuntu/MSBrossAI/apps/jartosdto/server/.venv/lib/python3.12/site-packages/uvicorn/config.py", line 415, in load_app
    return import_from_string(self.app)
           ^^^^^^^^^^^^^^^^^^^^^^^^^^^^
  File "/home/ubuntu/MSBrossAI/apps/jartosdto/server/.venv/lib/python3.12/site-packages/uvicorn/importer.py", line 22, in import_from_string
    raise exc from None
  File "/home/ubuntu/MSBrossAI/apps/jartosdto/server/.venv/lib/python3.12/site-packages/uvicorn/importer.py", line 19, in import_from_string
    module = importlib.import_module(module_str)
             ^^^^^^^^^^^^^^^^^^^^^^^^^^^^^^^^^^^
  File "/home/ubuntu/.local/share/uv/python/cpython-3.12.13-linux-x86_64-gnu/lib/python3.12/importlib/__init__.py", line 90, in import_module
    return _bootstrap._gcd_import(name[level:], package, level)
           ^^^^^^^^^^^^^^^^^^^^^^^^^^^^^^^^^^^^^^^^^^^^^^^^^^^^
  File "<frozen importlib._bootstrap>", line 1387, in _gcd_import
  File "<frozen importlib._bootstrap>", line 1360, in _find_and_load
  File "<frozen importlib._bootstrap>", line 1331, in _find_and_load_unlocked
  File "<frozen importlib._bootstrap>", line 935, in _load_unlocked
  File "<frozen importlib._bootstrap_external>", line 999, in exec_module
  File "<frozen importlib._bootstrap>", line 488, in _call_with_frames_removed
  File "/home/ubuntu/MSBrossAI/apps/jartosdto/server/app/main.py", line 12, in <module>
    from app.api.router import api_router
  File "/home/ubuntu/MSBrossAI/apps/jartosdto/server/app/api/router.py", line 4, in <module>
    import aiofiles
ModuleNotFoundError: No module named 'aiofiles'
Traceback (most recent call last):
  File "<frozen runpy>", line 198, in _run_module_as_main
  File "<frozen runpy>", line 88, in _run_code
  File "/home/ubuntu/MSBrossAI/apps/jartosdto/server/.venv/lib/python3.12/site-packages/uvicorn/__main__.py", line 4, in <module>
    uvicorn.main()
  File "/home/ubuntu/MSBrossAI/apps/jartosdto/server/.venv/lib/python3.12/site-packages/click/core.py", line 1569, in __call__
    return self.main(*args, **kwargs)
           ^^^^^^^^^^^^^^^^^^^^^^^^^^
  File "/home/ubuntu/MSBrossAI/apps/jartosdto/server/.venv/lib/python3.12/site-packages/click/core.py", line 1490, in main
    rv = self.invoke(ctx)
         ^^^^^^^^^^^^^^^^
  File "/home/ubuntu/MSBrossAI/apps/jartosdto/server/.venv/lib/python3.12/site-packages/click/core.py", line 1353, in invoke
    return ctx.invoke(self.callback, **ctx.params)
           ^^^^^^^^^^^^^^^^^^^^^^^^^^^^^^^^^^^^^^^
  File "/home/ubuntu/MSBrossAI/apps/jartosdto/server/.venv/lib/python3.12/site-packages/click/core.py", line 907, in invoke
    return callback(*args, **kwargs)
           ^^^^^^^^^^^^^^^^^^^^^^^^^
  File "/home/ubuntu/MSBrossAI/apps/jartosdto/server/.venv/lib/python3.12/site-packages/uvicorn/main.py", line 441, in main
    run(
  File "/home/ubuntu/MSBrossAI/apps/jartosdto/server/.venv/lib/python3.12/site-packages/uvicorn/main.py", line 609, in run
    config.load_app()
  File "/home/ubuntu/MSBrossAI/apps/jartosdto/server/.venv/lib/python3.12/site-packages/uvicorn/config.py", line 415, in load_app
    return import_from_string(self.app)
           ^^^^^^^^^^^^^^^^^^^^^^^^^^^^
  File "/home/ubuntu/MSBrossAI/apps/jartosdto/server/.venv/lib/python3.12/site-packages/uvicorn/importer.py", line 22, in import_from_string
    raise exc from None
  File "/home/ubuntu/MSBrossAI/apps/jartosdto/server/.venv/lib/python3.12/site-packages/uvicorn/importer.py", line 19, in import_from_string
    module = importlib.import_module(module_str)
             ^^^^^^^^^^^^^^^^^^^^^^^^^^^^^^^^^^^
  File "/home/ubuntu/.local/share/uv/python/cpython-3.12.13-linux-x86_64-gnu/lib/python3.12/importlib/__init__.py", line 90, in import_module
    return _bootstrap._gcd_import(name[level:], package, level)
           ^^^^^^^^^^^^^^^^^^^^^^^^^^^^^^^^^^^^^^^^^^^^^^^^^^^^
  File "<frozen importlib._bootstrap>", line 1387, in _gcd_import
  File "<frozen importlib._bootstrap>", line 1360, in _find_and_load
  File "<frozen importlib._bootstrap>", line 1331, in _find_and_load_unlocked
  File "<frozen importlib._bootstrap>", line 935, in _load_unlocked
  File "<frozen importlib._bootstrap_external>", line 999, in exec_module
  File "<frozen importlib._bootstrap>", line 488, in _call_with_frames_removed
  File "/home/ubuntu/MSBrossAI/apps/jartosdto/server/app/main.py", line 12, in <module>
    from app.api.router import api_router
  File "/home/ubuntu/MSBrossAI/apps/jartosdto/server/app/api/router.py", line 9, in <module>
    import httpx
ModuleNotFoundError: No module named 'httpx'
Traceback (most recent call last):
  File "<frozen runpy>", line 198, in _run_module_as_main
  File "<frozen runpy>", line 88, in _run_code
  File "/home/ubuntu/MSBrossAI/apps/jartosdto/server/.venv/lib/python3.12/site-packages/uvicorn/__main__.py", line 4, in <module>
    uvicorn.main()
  File "/home/ubuntu/MSBrossAI/apps/jartosdto/server/.venv/lib/python3.12/site-packages/click/core.py", line 1569, in __call__
    return self.main(*args, **kwargs)
           ^^^^^^^^^^^^^^^^^^^^^^^^^^
  File "/home/ubuntu/MSBrossAI/apps/jartosdto/server/.venv/lib/python3.12/site-packages/click/core.py", line 1490, in main
    rv = self.invoke(ctx)
         ^^^^^^^^^^^^^^^^
  File "/home/ubuntu/MSBrossAI/apps/jartosdto/server/.venv/lib/python3.12/site-packages/click/core.py", line 1353, in invoke
    return ctx.invoke(self.callback, **ctx.params)
           ^^^^^^^^^^^^^^^^^^^^^^^^^^^^^^^^^^^^^^^
  File "/home/ubuntu/MSBrossAI/apps/jartosdto/server/.venv/lib/python3.12/site-packages/click/core.py", line 907, in invoke
    return callback(*args, **kwargs)
           ^^^^^^^^^^^^^^^^^^^^^^^^^
  File "/home/ubuntu/MSBrossAI/apps/jartosdto/server/.venv/lib/python3.12/site-packages/uvicorn/main.py", line 441, in main
    run(
  File "/home/ubuntu/MSBrossAI/apps/jartosdto/server/.venv/lib/python3.12/site-packages/uvicorn/main.py", line 609, in run
    config.load_app()
  File "/home/ubuntu/MSBrossAI/apps/jartosdto/server/.venv/lib/python3.12/site-packages/uvicorn/config.py", line 415, in load_app
    return import_from_string(self.app)
           ^^^^^^^^^^^^^^^^^^^^^^^^^^^^
  File "/home/ubuntu/MSBrossAI/apps/jartosdto/server/.venv/lib/python3.12/site-packages/uvicorn/importer.py", line 22, in import_from_string
    raise exc from None
  File "/home/ubuntu/MSBrossAI/apps/jartosdto/server/.venv/lib/python3.12/site-packages/uvicorn/importer.py", line 19, in import_from_string
    module = importlib.import_module(module_str)
             ^^^^^^^^^^^^^^^^^^^^^^^^^^^^^^^^^^^
  File "/home/ubuntu/.local/share/uv/python/cpython-3.12.13-linux-x86_64-gnu/lib/python3.12/importlib/__init__.py", line 90, in import_module
    return _bootstrap._gcd_import(name[level:], package, level)
           ^^^^^^^^^^^^^^^^^^^^^^^^^^^^^^^^^^^^^^^^^^^^^^^^^^^^
  File "<frozen importlib._bootstrap>", line 1387, in _gcd_import
  File "<frozen importlib._bootstrap>", line 1360, in _find_and_load
  File "<frozen importlib._bootstrap>", line 1331, in _find_and_load_unlocked
  File "<frozen importlib._bootstrap>", line 935, in _load_unlocked
  File "<frozen importlib._bootstrap_external>", line 999, in exec_module
  File "<frozen importlib._bootstrap>", line 488, in _call_with_frames_removed
  File "/home/ubuntu/MSBrossAI/apps/jartosdto/server/app/main.py", line 12, in <module>
    from app.api.router import api_router
  File "/home/ubuntu/MSBrossAI/apps/jartosdto/server/app/api/router.py", line 9, in <module>
    import httpx
ModuleNotFoundError: No module named 'httpx'
Traceback (most recent call last):
  File "<frozen runpy>", line 198, in _run_module_as_main
  File "<frozen runpy>", line 88, in _run_code
  File "/home/ubuntu/MSBrossAI/apps/jartosdto/server/.venv/lib/python3.12/site-packages/uvicorn/__main__.py", line 4, in <module>
    uvicorn.main()
  File "/home/ubuntu/MSBrossAI/apps/jartosdto/server/.venv/lib/python3.12/site-packages/click/core.py", line 1569, in __call__
    return self.main(*args, **kwargs)
           ^^^^^^^^^^^^^^^^^^^^^^^^^^
  File "/home/ubuntu/MSBrossAI/apps/jartosdto/server/.venv/lib/python3.12/site-packages/click/core.py", line 1490, in main
    rv = self.invoke(ctx)
         ^^^^^^^^^^^^^^^^
  File "/home/ubuntu/MSBrossAI/apps/jartosdto/server/.venv/lib/python3.12/site-packages/click/core.py", line 1353, in invoke
    return ctx.invoke(self.callback, **ctx.params)
           ^^^^^^^^^^^^^^^^^^^^^^^^^^^^^^^^^^^^^^^
  File "/home/ubuntu/MSBrossAI/apps/jartosdto/server/.venv/lib/python3.12/site-packages/click/core.py", line 907, in invoke
    return callback(*args, **kwargs)
           ^^^^^^^^^^^^^^^^^^^^^^^^^
  File "/home/ubuntu/MSBrossAI/apps/jartosdto/server/.venv/lib/python3.12/site-packages/uvicorn/main.py", line 441, in main
    run(
  File "/home/ubuntu/MSBrossAI/apps/jartosdto/server/.venv/lib/python3.12/site-packages/uvicorn/main.py", line 609, in run
    config.load_app()
  File "/home/ubuntu/MSBrossAI/apps/jartosdto/server/.venv/lib/python3.12/site-packages/uvicorn/config.py", line 415, in load_app
    return import_from_string(self.app)
           ^^^^^^^^^^^^^^^^^^^^^^^^^^^^
  File "/home/ubuntu/MSBrossAI/apps/jartosdto/server/.venv/lib/python3.12/site-packages/uvicorn/importer.py", line 22, in import_from_string
    raise exc from None
  File "/home/ubuntu/MSBrossAI/apps/jartosdto/server/.venv/lib/python3.12/site-packages/uvicorn/importer.py", line 19, in import_from_string
    module = importlib.import_module(module_str)
             ^^^^^^^^^^^^^^^^^^^^^^^^^^^^^^^^^^^
  File "/home/ubuntu/.local/share/uv/python/cpython-3.12.13-linux-x86_64-gnu/lib/python3.12/importlib/__init__.py", line 90, in import_module
    return _bootstrap._gcd_import(name[level:], package, level)
           ^^^^^^^^^^^^^^^^^^^^^^^^^^^^^^^^^^^^^^^^^^^^^^^^^^^^
  File "<frozen importlib._bootstrap>", line 1387, in _gcd_import
  File "<frozen importlib._bootstrap>", line 1360, in _find_and_load
  File "<frozen importlib._bootstrap>", line 1331, in _find_and_load_unlocked
  File "<frozen importlib._bootstrap>", line 935, in _load_unlocked
  File "<frozen importlib._bootstrap_external>", line 999, in exec_module
  File "<frozen importlib._bootstrap>", line 488, in _call_with_frames_removed
  File "/home/ubuntu/MSBrossAI/apps/jartosdto/server/app/main.py", line 12, in <module>
    from app.api.router import api_router
  File "/home/ubuntu/MSBrossAI/apps/jartosdto/server/app/api/router.py", line 9, in <module>
    import httpx
ModuleNotFoundError: No module named 'httpx'
Traceback (most recent call last):
  File "<frozen runpy>", line 198, in _run_module_as_main
  File "<frozen runpy>", line 88, in _run_code
  File "/home/ubuntu/MSBrossAI/apps/jartosdto/server/.venv/lib/python3.12/site-packages/uvicorn/__main__.py", line 4, in <module>
    uvicorn.main()
  File "/home/ubuntu/MSBrossAI/apps/jartosdto/server/.venv/lib/python3.12/site-packages/click/core.py", line 1569, in __call__
    return self.main(*args, **kwargs)
           ^^^^^^^^^^^^^^^^^^^^^^^^^^
  File "/home/ubuntu/MSBrossAI/apps/jartosdto/server/.venv/lib/python3.12/site-packages/click/core.py", line 1490, in main
    rv = self.invoke(ctx)
         ^^^^^^^^^^^^^^^^
  File "/home/ubuntu/MSBrossAI/apps/jartosdto/server/.venv/lib/python3.12/site-packages/click/core.py", line 1353, in invoke
    return ctx.invoke(self.callback, **ctx.params)
           ^^^^^^^^^^^^^^^^^^^^^^^^^^^^^^^^^^^^^^^
  File "/home/ubuntu/MSBrossAI/apps/jartosdto/server/.venv/lib/python3.12/site-packages/click/core.py", line 907, in invoke
    return callback(*args, **kwargs)
           ^^^^^^^^^^^^^^^^^^^^^^^^^
  File "/home/ubuntu/MSBrossAI/apps/jartosdto/server/.venv/lib/python3.12/site-packages/uvicorn/main.py", line 441, in main
    run(
  File "/home/ubuntu/MSBrossAI/apps/jartosdto/server/.venv/lib/python3.12/site-packages/uvicorn/main.py", line 609, in run
    config.load_app()
  File "/home/ubuntu/MSBrossAI/apps/jartosdto/server/.venv/lib/python3.12/site-packages/uvicorn/config.py", line 415, in load_app
    return import_from_string(self.app)
           ^^^^^^^^^^^^^^^^^^^^^^^^^^^^
  File "/home/ubuntu/MSBrossAI/apps/jartosdto/server/.venv/lib/python3.12/site-packages/uvicorn/importer.py", line 22, in import_from_string
    raise exc from None
  File "/home/ubuntu/MSBrossAI/apps/jartosdto/server/.venv/lib/python3.12/site-packages/uvicorn/importer.py", line 19, in import_from_string
    module = importlib.import_module(module_str)
             ^^^^^^^^^^^^^^^^^^^^^^^^^^^^^^^^^^^
  File "/home/ubuntu/.local/share/uv/python/cpython-3.12.13-linux-x86_64-gnu/lib/python3.12/importlib/__init__.py", line 90, in import_module
    return _bootstrap._gcd_import(name[level:], package, level)
           ^^^^^^^^^^^^^^^^^^^^^^^^^^^^^^^^^^^^^^^^^^^^^^^^^^^^
  File "<frozen importlib._bootstrap>", line 1387, in _gcd_import
  File "<frozen importlib._bootstrap>", line 1360, in _find_and_load
  File "<frozen importlib._bootstrap>", line 1331, in _find_and_load_unlocked
  File "<frozen importlib._bootstrap>", line 935, in _load_unlocked
  File "<frozen importlib._bootstrap_external>", line 999, in exec_module
  File "<frozen importlib._bootstrap>", line 488, in _call_with_frames_removed
  File "/home/ubuntu/MSBrossAI/apps/jartosdto/server/app/main.py", line 12, in <module>
    from app.api.router import api_router
  File "/home/ubuntu/MSBrossAI/apps/jartosdto/server/app/api/router.py", line 9, in <module>
    import httpx
ModuleNotFoundError: No module named 'httpx'
Traceback (most recent call last):
  File "<frozen runpy>", line 198, in _run_module_as_main
  File "<frozen runpy>", line 88, in _run_code
  File "/home/ubuntu/MSBrossAI/apps/jartosdto/server/.venv/lib/python3.12/site-packages/uvicorn/__main__.py", line 4, in <module>
    uvicorn.main()
  File "/home/ubuntu/MSBrossAI/apps/jartosdto/server/.venv/lib/python3.12/site-packages/click/core.py", line 1569, in __call__
    return self.main(*args, **kwargs)
           ^^^^^^^^^^^^^^^^^^^^^^^^^^
  File "/home/ubuntu/MSBrossAI/apps/jartosdto/server/.venv/lib/python3.12/site-packages/click/core.py", line 1490, in main
    rv = self.invoke(ctx)
         ^^^^^^^^^^^^^^^^
  File "/home/ubuntu/MSBrossAI/apps/jartosdto/server/.venv/lib/python3.12/site-packages/click/core.py", line 1353, in invoke
    return ctx.invoke(self.callback, **ctx.params)
           ^^^^^^^^^^^^^^^^^^^^^^^^^^^^^^^^^^^^^^^
  File "/home/ubuntu/MSBrossAI/apps/jartosdto/server/.venv/lib/python3.12/site-packages/click/core.py", line 907, in invoke
    return callback(*args, **kwargs)
           ^^^^^^^^^^^^^^^^^^^^^^^^^
  File "/home/ubuntu/MSBrossAI/apps/jartosdto/server/.venv/lib/python3.12/site-packages/uvicorn/main.py", line 441, in main
    run(
  File "/home/ubuntu/MSBrossAI/apps/jartosdto/server/.venv/lib/python3.12/site-packages/uvicorn/main.py", line 609, in run
    config.load_app()
  File "/home/ubuntu/MSBrossAI/apps/jartosdto/server/.venv/lib/python3.12/site-packages/uvicorn/config.py", line 415, in load_app
    return import_from_string(self.app)
           ^^^^^^^^^^^^^^^^^^^^^^^^^^^^
  File "/home/ubuntu/MSBrossAI/apps/jartosdto/server/.venv/lib/python3.12/site-packages/uvicorn/importer.py", line 22, in import_from_string
    raise exc from None
  File "/home/ubuntu/MSBrossAI/apps/jartosdto/server/.venv/lib/python3.12/site-packages/uvicorn/importer.py", line 19, in import_from_string
    module = importlib.import_module(module_str)
             ^^^^^^^^^^^^^^^^^^^^^^^^^^^^^^^^^^^
  File "/home/ubuntu/.local/share/uv/python/cpython-3.12.13-linux-x86_64-gnu/lib/python3.12/importlib/__init__.py", line 90, in import_module
    return _bootstrap._gcd_import(name[level:], package, level)
           ^^^^^^^^^^^^^^^^^^^^^^^^^^^^^^^^^^^^^^^^^^^^^^^^^^^^
  File "<frozen importlib._bootstrap>", line 1387, in _gcd_import
  File "<frozen importlib._bootstrap>", line 1360, in _find_and_load
  File "<frozen importlib._bootstrap>", line 1331, in _find_and_load_unlocked
  File "<frozen importlib._bootstrap>", line 935, in _load_unlocked
  File "<frozen importlib._bootstrap_external>", line 999, in exec_module
  File "<frozen importlib._bootstrap>", line 488, in _call_with_frames_removed
  File "/home/ubuntu/MSBrossAI/apps/jartosdto/server/app/main.py", line 12, in <module>
    from app.api.router import api_router
  File "/home/ubuntu/MSBrossAI/apps/jartosdto/server/app/api/router.py", line 9, in <module>
    import httpx
ModuleNotFoundError: No module named 'httpx'
Traceback (most recent call last):
  File "<frozen runpy>", line 198, in _run_module_as_main
  File "<frozen runpy>", line 88, in _run_code
  File "/home/ubuntu/MSBrossAI/apps/jartosdto/server/.venv/lib/python3.12/site-packages/uvicorn/__main__.py", line 4, in <module>
    uvicorn.main()
  File "/home/ubuntu/MSBrossAI/apps/jartosdto/server/.venv/lib/python3.12/site-packages/click/core.py", line 1569, in __call__
    return self.main(*args, **kwargs)
           ^^^^^^^^^^^^^^^^^^^^^^^^^^
  File "/home/ubuntu/MSBrossAI/apps/jartosdto/server/.venv/lib/python3.12/site-packages/click/core.py", line 1490, in main
    rv = self.invoke(ctx)
         ^^^^^^^^^^^^^^^^
  File "/home/ubuntu/MSBrossAI/apps/jartosdto/server/.venv/lib/python3.12/site-packages/click/core.py", line 1353, in invoke
    return ctx.invoke(self.callback, **ctx.params)
           ^^^^^^^^^^^^^^^^^^^^^^^^^^^^^^^^^^^^^^^
  File "/home/ubuntu/MSBrossAI/apps/jartosdto/server/.venv/lib/python3.12/site-packages/click/core.py", line 907, in invoke
    return callback(*args, **kwargs)
           ^^^^^^^^^^^^^^^^^^^^^^^^^
  File "/home/ubuntu/MSBrossAI/apps/jartosdto/server/.venv/lib/python3.12/site-packages/uvicorn/main.py", line 441, in main
    run(
  File "/home/ubuntu/MSBrossAI/apps/jartosdto/server/.venv/lib/python3.12/site-packages/uvicorn/main.py", line 609, in run
    config.load_app()
  File "/home/ubuntu/MSBrossAI/apps/jartosdto/server/.venv/lib/python3.12/site-packages/uvicorn/config.py", line 415, in load_app
    return import_from_string(self.app)
           ^^^^^^^^^^^^^^^^^^^^^^^^^^^^
  File "/home/ubuntu/MSBrossAI/apps/jartosdto/server/.venv/lib/python3.12/site-packages/uvicorn/importer.py", line 22, in import_from_string
    raise exc from None
  File "/home/ubuntu/MSBrossAI/apps/jartosdto/server/.venv/lib/python3.12/site-packages/uvicorn/importer.py", line 19, in import_from_string
    module = importlib.import_module(module_str)
             ^^^^^^^^^^^^^^^^^^^^^^^^^^^^^^^^^^^
  File "/home/ubuntu/.local/share/uv/python/cpython-3.12.13-linux-x86_64-gnu/lib/python3.12/importlib/__init__.py", line 90, in import_module
    return _bootstrap._gcd_import(name[level:], package, level)
           ^^^^^^^^^^^^^^^^^^^^^^^^^^^^^^^^^^^^^^^^^^^^^^^^^^^^
  File "<frozen importlib._bootstrap>", line 1387, in _gcd_import
  File "<frozen importlib._bootstrap>", line 1360, in _find_and_load
  File "<frozen importlib._bootstrap>", line 1331, in _find_and_load_unlocked
  File "<frozen importlib._bootstrap>", line 935, in _load_unlocked
  File "<frozen importlib._bootstrap_external>", line 999, in exec_module
  File "<frozen importlib._bootstrap>", line 488, in _call_with_frames_removed
  File "/home/ubuntu/MSBrossAI/apps/jartosdto/server/app/main.py", line 12, in <module>
    from app.api.router import api_router
  File "/home/ubuntu/MSBrossAI/apps/jartosdto/server/app/api/router.py", line 9, in <module>
    import httpx
ModuleNotFoundError: No module named 'httpx'
Traceback (most recent call last):
  File "<frozen runpy>", line 198, in _run_module_as_main
  File "<frozen runpy>", line 88, in _run_code
  File "/home/ubuntu/MSBrossAI/apps/jartosdto/server/.venv/lib/python3.12/site-packages/uvicorn/__main__.py", line 4, in <module>
    uvicorn.main()
  File "/home/ubuntu/MSBrossAI/apps/jartosdto/server/.venv/lib/python3.12/site-packages/click/core.py", line 1569, in __call__
    return self.main(*args, **kwargs)
           ^^^^^^^^^^^^^^^^^^^^^^^^^^
  File "/home/ubuntu/MSBrossAI/apps/jartosdto/server/.venv/lib/python3.12/site-packages/click/core.py", line 1490, in main
    rv = self.invoke(ctx)
         ^^^^^^^^^^^^^^^^
  File "/home/ubuntu/MSBrossAI/apps/jartosdto/server/.venv/lib/python3.12/site-packages/click/core.py", line 1353, in invoke
    return ctx.invoke(self.callback, **ctx.params)
           ^^^^^^^^^^^^^^^^^^^^^^^^^^^^^^^^^^^^^^^
  File "/home/ubuntu/MSBrossAI/apps/jartosdto/server/.venv/lib/python3.12/site-packages/click/core.py", line 907, in invoke
    return callback(*args, **kwargs)
           ^^^^^^^^^^^^^^^^^^^^^^^^^
  File "/home/ubuntu/MSBrossAI/apps/jartosdto/server/.venv/lib/python3.12/site-packages/uvicorn/main.py", line 441, in main
    run(
  File "/home/ubuntu/MSBrossAI/apps/jartosdto/server/.venv/lib/python3.12/site-packages/uvicorn/main.py", line 609, in run
    config.load_app()
  File "/home/ubuntu/MSBrossAI/apps/jartosdto/server/.venv/lib/python3.12/site-packages/uvicorn/config.py", line 415, in load_app
    return import_from_string(self.app)
           ^^^^^^^^^^^^^^^^^^^^^^^^^^^^
  File "/home/ubuntu/MSBrossAI/apps/jartosdto/server/.venv/lib/python3.12/site-packages/uvicorn/importer.py", line 22, in import_from_string
    raise exc from None
  File "/home/ubuntu/MSBrossAI/apps/jartosdto/server/.venv/lib/python3.12/site-packages/uvicorn/importer.py", line 19, in import_from_string
    module = importlib.import_module(module_str)
             ^^^^^^^^^^^^^^^^^^^^^^^^^^^^^^^^^^^
  File "/home/ubuntu/.local/share/uv/python/cpython-3.12.13-linux-x86_64-gnu/lib/python3.12/importlib/__init__.py", line 90, in import_module
    return _bootstrap._gcd_import(name[level:], package, level)
           ^^^^^^^^^^^^^^^^^^^^^^^^^^^^^^^^^^^^^^^^^^^^^^^^^^^^
  File "<frozen importlib._bootstrap>", line 1387, in _gcd_import
  File "<frozen importlib._bootstrap>", line 1360, in _find_and_load
  File "<frozen importlib._bootstrap>", line 1331, in _find_and_load_unlocked
  File "<frozen importlib._bootstrap>", line 935, in _load_unlocked
  File "<frozen importlib._bootstrap_external>", line 999, in exec_module
  File "<frozen importlib._bootstrap>", line 488, in _call_with_frames_removed
  File "/home/ubuntu/MSBrossAI/apps/jartosdto/server/app/main.py", line 12, in <module>
    from app.api.router import api_router
  File "/home/ubuntu/MSBrossAI/apps/jartosdto/server/app/api/router.py", line 9, in <module>
    import httpx
ModuleNotFoundError: No module named 'httpx'
Traceback (most recent call last):
  File "<frozen runpy>", line 198, in _run_module_as_main
  File "<frozen runpy>", line 88, in _run_code
  File "/home/ubuntu/MSBrossAI/apps/jartosdto/server/.venv/lib/python3.12/site-packages/uvicorn/__main__.py", line 4, in <module>
    uvicorn.main()
  File "/home/ubuntu/MSBrossAI/apps/jartosdto/server/.venv/lib/python3.12/site-packages/click/core.py", line 1569, in __call__
    return self.main(*args, **kwargs)
           ^^^^^^^^^^^^^^^^^^^^^^^^^^
  File "/home/ubuntu/MSBrossAI/apps/jartosdto/server/.venv/lib/python3.12/site-packages/click/core.py", line 1490, in main
    rv = self.invoke(ctx)
         ^^^^^^^^^^^^^^^^
  File "/home/ubuntu/MSBrossAI/apps/jartosdto/server/.venv/lib/python3.12/site-packages/click/core.py", line 1353, in invoke
    return ctx.invoke(self.callback, **ctx.params)
           ^^^^^^^^^^^^^^^^^^^^^^^^^^^^^^^^^^^^^^^
  File "/home/ubuntu/MSBrossAI/apps/jartosdto/server/.venv/lib/python3.12/site-packages/click/core.py", line 907, in invoke
    return callback(*args, **kwargs)
           ^^^^^^^^^^^^^^^^^^^^^^^^^
  File "/home/ubuntu/MSBrossAI/apps/jartosdto/server/.venv/lib/python3.12/site-packages/uvicorn/main.py", line 441, in main
    run(
  File "/home/ubuntu/MSBrossAI/apps/jartosdto/server/.venv/lib/python3.12/site-packages/uvicorn/main.py", line 609, in run
    config.load_app()
  File "/home/ubuntu/MSBrossAI/apps/jartosdto/server/.venv/lib/python3.12/site-packages/uvicorn/config.py", line 415, in load_app
    return import_from_string(self.app)
           ^^^^^^^^^^^^^^^^^^^^^^^^^^^^
  File "/home/ubuntu/MSBrossAI/apps/jartosdto/server/.venv/lib/python3.12/site-packages/uvicorn/importer.py", line 22, in import_from_string
    raise exc from None
  File "/home/ubuntu/MSBrossAI/apps/jartosdto/server/.venv/lib/python3.12/site-packages/uvicorn/importer.py", line 19, in import_from_string
    module = importlib.import_module(module_str)
             ^^^^^^^^^^^^^^^^^^^^^^^^^^^^^^^^^^^
  File "/home/ubuntu/.local/share/uv/python/cpython-3.12.13-linux-x86_64-gnu/lib/python3.12/importlib/__init__.py", line 90, in import_module
    return _bootstrap._gcd_import(name[level:], package, level)
           ^^^^^^^^^^^^^^^^^^^^^^^^^^^^^^^^^^^^^^^^^^^^^^^^^^^^
  File "<frozen importlib._bootstrap>", line 1387, in _gcd_import
  File "<frozen importlib._bootstrap>", line 1360, in _find_and_load
  File "<frozen importlib._bootstrap>", line 1331, in _find_and_load_unlocked
  File "<frozen importlib._bootstrap>", line 935, in _load_unlocked
  File "<frozen importlib._bootstrap_external>", line 999, in exec_module
  File "<frozen importlib._bootstrap>", line 488, in _call_with_frames_removed
  File "/home/ubuntu/MSBrossAI/apps/jartosdto/server/app/main.py", line 12, in <module>
    from app.api.router import api_router
  File "/home/ubuntu/MSBrossAI/apps/jartosdto/server/app/api/router.py", line 9, in <module>
    import httpx
ModuleNotFoundError: No module named 'httpx'
Traceback (most recent call last):
  File "<frozen runpy>", line 198, in _run_module_as_main
  File "<frozen runpy>", line 88, in _run_code
  File "/home/ubuntu/MSBrossAI/apps/jartosdto/server/.venv/lib/python3.12/site-packages/uvicorn/__main__.py", line 4, in <module>
    uvicorn.main()
  File "/home/ubuntu/MSBrossAI/apps/jartosdto/server/.venv/lib/python3.12/site-packages/click/core.py", line 1569, in __call__
    return self.main(*args, **kwargs)
           ^^^^^^^^^^^^^^^^^^^^^^^^^^
  File "/home/ubuntu/MSBrossAI/apps/jartosdto/server/.venv/lib/python3.12/site-packages/click/core.py", line 1490, in main
    rv = self.invoke(ctx)
         ^^^^^^^^^^^^^^^^
  File "/home/ubuntu/MSBrossAI/apps/jartosdto/server/.venv/lib/python3.12/site-packages/click/core.py", line 1353, in invoke
    return ctx.invoke(self.callback, **ctx.params)
           ^^^^^^^^^^^^^^^^^^^^^^^^^^^^^^^^^^^^^^^
  File "/home/ubuntu/MSBrossAI/apps/jartosdto/server/.venv/lib/python3.12/site-packages/click/core.py", line 907, in invoke
    return callback(*args, **kwargs)
           ^^^^^^^^^^^^^^^^^^^^^^^^^
  File "/home/ubuntu/MSBrossAI/apps/jartosdto/server/.venv/lib/python3.12/site-packages/uvicorn/main.py", line 441, in main
    run(
  File "/home/ubuntu/MSBrossAI/apps/jartosdto/server/.venv/lib/python3.12/site-packages/uvicorn/main.py", line 609, in run
    config.load_app()
  File "/home/ubuntu/MSBrossAI/apps/jartosdto/server/.venv/lib/python3.12/site-packages/uvicorn/config.py", line 415, in load_app
    return import_from_string(self.app)
           ^^^^^^^^^^^^^^^^^^^^^^^^^^^^
  File "/home/ubuntu/MSBrossAI/apps/jartosdto/server/.venv/lib/python3.12/site-packages/uvicorn/importer.py", line 22, in import_from_string
    raise exc from None
  File "/home/ubuntu/MSBrossAI/apps/jartosdto/server/.venv/lib/python3.12/site-packages/uvicorn/importer.py", line 19, in import_from_string
    module = importlib.import_module(module_str)
             ^^^^^^^^^^^^^^^^^^^^^^^^^^^^^^^^^^^
  File "/home/ubuntu/.local/share/uv/python/cpython-3.12.13-linux-x86_64-gnu/lib/python3.12/importlib/__init__.py", line 90, in import_module
    return _bootstrap._gcd_import(name[level:], package, level)
           ^^^^^^^^^^^^^^^^^^^^^^^^^^^^^^^^^^^^^^^^^^^^^^^^^^^^
  File "<frozen importlib._bootstrap>", line 1387, in _gcd_import
  File "<frozen importlib._bootstrap>", line 1360, in _find_and_load
  File "<frozen importlib._bootstrap>", line 1331, in _find_and_load_unlocked
  File "<frozen importlib._bootstrap>", line 935, in _load_unlocked
  File "<frozen importlib._bootstrap_external>", line 999, in exec_module
  File "<frozen importlib._bootstrap>", line 488, in _call_with_frames_removed
  File "/home/ubuntu/MSBrossAI/apps/jartosdto/server/app/main.py", line 12, in <module>
    from app.api.router import api_router
  File "/home/ubuntu/MSBrossAI/apps/jartosdto/server/app/api/router.py", line 9, in <module>
    import httpx
ModuleNotFoundError: No module named 'httpx'
Traceback (most recent call last):
  File "<frozen runpy>", line 198, in _run_module_as_main
  File "<frozen runpy>", line 88, in _run_code
  File "/home/ubuntu/MSBrossAI/apps/jartosdto/server/.venv/lib/python3.12/site-packages/uvicorn/__main__.py", line 4, in <module>
    uvicorn.main()
  File "/home/ubuntu/MSBrossAI/apps/jartosdto/server/.venv/lib/python3.12/site-packages/click/core.py", line 1569, in __call__
    return self.main(*args, **kwargs)
           ^^^^^^^^^^^^^^^^^^^^^^^^^^
  File "/home/ubuntu/MSBrossAI/apps/jartosdto/server/.venv/lib/python3.12/site-packages/click/core.py", line 1490, in main
    rv = self.invoke(ctx)
         ^^^^^^^^^^^^^^^^
  File "/home/ubuntu/MSBrossAI/apps/jartosdto/server/.venv/lib/python3.12/site-packages/click/core.py", line 1353, in invoke
    return ctx.invoke(self.callback, **ctx.params)
           ^^^^^^^^^^^^^^^^^^^^^^^^^^^^^^^^^^^^^^^
  File "/home/ubuntu/MSBrossAI/apps/jartosdto/server/.venv/lib/python3.12/site-packages/click/core.py", line 907, in invoke
    return callback(*args, **kwargs)
           ^^^^^^^^^^^^^^^^^^^^^^^^^
  File "/home/ubuntu/MSBrossAI/apps/jartosdto/server/.venv/lib/python3.12/site-packages/uvicorn/main.py", line 441, in main
    run(
  File "/home/ubuntu/MSBrossAI/apps/jartosdto/server/.venv/lib/python3.12/site-packages/uvicorn/main.py", line 609, in run
    config.load_app()
  File "/home/ubuntu/MSBrossAI/apps/jartosdto/server/.venv/lib/python3.12/site-packages/uvicorn/config.py", line 415, in load_app
    return import_from_string(self.app)
           ^^^^^^^^^^^^^^^^^^^^^^^^^^^^
  File "/home/ubuntu/MSBrossAI/apps/jartosdto/server/.venv/lib/python3.12/site-packages/uvicorn/importer.py", line 22, in import_from_string
    raise exc from None
  File "/home/ubuntu/MSBrossAI/apps/jartosdto/server/.venv/lib/python3.12/site-packages/uvicorn/importer.py", line 19, in import_from_string
    module = importlib.import_module(module_str)
             ^^^^^^^^^^^^^^^^^^^^^^^^^^^^^^^^^^^
  File "/home/ubuntu/.local/share/uv/python/cpython-3.12.13-linux-x86_64-gnu/lib/python3.12/importlib/__init__.py", line 90, in import_module
    return _bootstrap._gcd_import(name[level:], package, level)
           ^^^^^^^^^^^^^^^^^^^^^^^^^^^^^^^^^^^^^^^^^^^^^^^^^^^^
  File "<frozen importlib._bootstrap>", line 1387, in _gcd_import
  File "<frozen importlib._bootstrap>", line 1360, in _find_and_load
  File "<frozen importlib._bootstrap>", line 1331, in _find_and_load_unlocked
  File "<frozen importlib._bootstrap>", line 935, in _load_unlocked
  File "<frozen importlib._bootstrap_external>", line 999, in exec_module
  File "<frozen importlib._bootstrap>", line 488, in _call_with_frames_removed
  File "/home/ubuntu/MSBrossAI/apps/jartosdto/server/app/main.py", line 12, in <module>
    from app.api.router import api_router
  File "/home/ubuntu/MSBrossAI/apps/jartosdto/server/app/api/router.py", line 9, in <module>
    import httpx
ModuleNotFoundError: No module named 'httpx'
Traceback (most recent call last):
  File "<frozen runpy>", line 198, in _run_module_as_main
  File "<frozen runpy>", line 88, in _run_code
  File "/home/ubuntu/MSBrossAI/apps/jartosdto/server/.venv/lib/python3.12/site-packages/uvicorn/__main__.py", line 4, in <module>
    uvicorn.main()
  File "/home/ubuntu/MSBrossAI/apps/jartosdto/server/.venv/lib/python3.12/site-packages/click/core.py", line 1569, in __call__
    return self.main(*args, **kwargs)
           ^^^^^^^^^^^^^^^^^^^^^^^^^^
  File "/home/ubuntu/MSBrossAI/apps/jartosdto/server/.venv/lib/python3.12/site-packages/click/core.py", line 1490, in main
    rv = self.invoke(ctx)
         ^^^^^^^^^^^^^^^^
  File "/home/ubuntu/MSBrossAI/apps/jartosdto/server/.venv/lib/python3.12/site-packages/click/core.py", line 1353, in invoke
    return ctx.invoke(self.callback, **ctx.params)
           ^^^^^^^^^^^^^^^^^^^^^^^^^^^^^^^^^^^^^^^
  File "/home/ubuntu/MSBrossAI/apps/jartosdto/server/.venv/lib/python3.12/site-packages/click/core.py", line 907, in invoke
    return callback(*args, **kwargs)
           ^^^^^^^^^^^^^^^^^^^^^^^^^
  File "/home/ubuntu/MSBrossAI/apps/jartosdto/server/.venv/lib/python3.12/site-packages/uvicorn/main.py", line 441, in main
    run(
  File "/home/ubuntu/MSBrossAI/apps/jartosdto/server/.venv/lib/python3.12/site-packages/uvicorn/main.py", line 609, in run
    config.load_app()
  File "/home/ubuntu/MSBrossAI/apps/jartosdto/server/.venv/lib/python3.12/site-packages/uvicorn/config.py", line 415, in load_app
    return import_from_string(self.app)
           ^^^^^^^^^^^^^^^^^^^^^^^^^^^^
  File "/home/ubuntu/MSBrossAI/apps/jartosdto/server/.venv/lib/python3.12/site-packages/uvicorn/importer.py", line 22, in import_from_string
    raise exc from None
  File "/home/ubuntu/MSBrossAI/apps/jartosdto/server/.venv/lib/python3.12/site-packages/uvicorn/importer.py", line 19, in import_from_string
    module = importlib.import_module(module_str)
             ^^^^^^^^^^^^^^^^^^^^^^^^^^^^^^^^^^^
  File "/home/ubuntu/.local/share/uv/python/cpython-3.12.13-linux-x86_64-gnu/lib/python3.12/importlib/__init__.py", line 90, in import_module
    return _bootstrap._gcd_import(name[level:], package, level)
           ^^^^^^^^^^^^^^^^^^^^^^^^^^^^^^^^^^^^^^^^^^^^^^^^^^^^
  File "<frozen importlib._bootstrap>", line 1387, in _gcd_import
  File "<frozen importlib._bootstrap>", line 1360, in _find_and_load
  File "<frozen importlib._bootstrap>", line 1331, in _find_and_load_unlocked
  File "<frozen importlib._bootstrap>", line 935, in _load_unlocked
  File "<frozen importlib._bootstrap_external>", line 999, in exec_module
  File "<frozen importlib._bootstrap>", line 488, in _call_with_frames_removed
  File "/home/ubuntu/MSBrossAI/apps/jartosdto/server/app/main.py", line 12, in <module>
    from app.api.router import api_router
  File "/home/ubuntu/MSBrossAI/apps/jartosdto/server/app/api/router.py", line 9, in <module>
    import httpx
ModuleNotFoundError: No module named 'httpx'
Traceback (most recent call last):
  File "<frozen runpy>", line 198, in _run_module_as_main
  File "<frozen runpy>", line 88, in _run_code
  File "/home/ubuntu/MSBrossAI/apps/jartosdto/server/.venv/lib/python3.12/site-packages/uvicorn/__main__.py", line 4, in <module>
    uvicorn.main()
  File "/home/ubuntu/MSBrossAI/apps/jartosdto/server/.venv/lib/python3.12/site-packages/click/core.py", line 1569, in __call__
    return self.main(*args, **kwargs)
           ^^^^^^^^^^^^^^^^^^^^^^^^^^
  File "/home/ubuntu/MSBrossAI/apps/jartosdto/server/.venv/lib/python3.12/site-packages/click/core.py", line 1490, in main
    rv = self.invoke(ctx)
         ^^^^^^^^^^^^^^^^
  File "/home/ubuntu/MSBrossAI/apps/jartosdto/server/.venv/lib/python3.12/site-packages/click/core.py", line 1353, in invoke
    return ctx.invoke(self.callback, **ctx.params)
           ^^^^^^^^^^^^^^^^^^^^^^^^^^^^^^^^^^^^^^^
  File "/home/ubuntu/MSBrossAI/apps/jartosdto/server/.venv/lib/python3.12/site-packages/click/core.py", line 907, in invoke
    return callback(*args, **kwargs)
           ^^^^^^^^^^^^^^^^^^^^^^^^^
  File "/home/ubuntu/MSBrossAI/apps/jartosdto/server/.venv/lib/python3.12/site-packages/uvicorn/main.py", line 441, in main
    run(
  File "/home/ubuntu/MSBrossAI/apps/jartosdto/server/.venv/lib/python3.12/site-packages/uvicorn/main.py", line 609, in run
    config.load_app()
  File "/home/ubuntu/MSBrossAI/apps/jartosdto/server/.venv/lib/python3.12/site-packages/uvicorn/config.py", line 415, in load_app
    return import_from_string(self.app)
           ^^^^^^^^^^^^^^^^^^^^^^^^^^^^
  File "/home/ubuntu/MSBrossAI/apps/jartosdto/server/.venv/lib/python3.12/site-packages/uvicorn/importer.py", line 22, in import_from_string
    raise exc from None
  File "/home/ubuntu/MSBrossAI/apps/jartosdto/server/.venv/lib/python3.12/site-packages/uvicorn/importer.py", line 19, in import_from_string
    module = importlib.import_module(module_str)
             ^^^^^^^^^^^^^^^^^^^^^^^^^^^^^^^^^^^
  File "/home/ubuntu/.local/share/uv/python/cpython-3.12.13-linux-x86_64-gnu/lib/python3.12/importlib/__init__.py", line 90, in import_module
    return _bootstrap._gcd_import(name[level:], package, level)
           ^^^^^^^^^^^^^^^^^^^^^^^^^^^^^^^^^^^^^^^^^^^^^^^^^^^^
  File "<frozen importlib._bootstrap>", line 1387, in _gcd_import
  File "<frozen importlib._bootstrap>", line 1360, in _find_and_load
  File "<frozen importlib._bootstrap>", line 1331, in _find_and_load_unlocked
  File "<frozen importlib._bootstrap>", line 935, in _load_unlocked
  File "<frozen importlib._bootstrap_external>", line 999, in exec_module
  File "<frozen importlib._bootstrap>", line 488, in _call_with_frames_removed
  File "/home/ubuntu/MSBrossAI/apps/jartosdto/server/app/main.py", line 12, in <module>
    from app.api.router import api_router
  File "/home/ubuntu/MSBrossAI/apps/jartosdto/server/app/api/router.py", line 9, in <module>
    import httpx
ModuleNotFoundError: No module named 'httpx'
Traceback (most recent call last):
  File "<frozen runpy>", line 198, in _run_module_as_main
  File "<frozen runpy>", line 88, in _run_code
  File "/home/ubuntu/MSBrossAI/apps/jartosdto/server/.venv/lib/python3.12/site-packages/uvicorn/__main__.py", line 4, in <module>
    uvicorn.main()
  File "/home/ubuntu/MSBrossAI/apps/jartosdto/server/.venv/lib/python3.12/site-packages/click/core.py", line 1569, in __call__
    return self.main(*args, **kwargs)
           ^^^^^^^^^^^^^^^^^^^^^^^^^^
  File "/home/ubuntu/MSBrossAI/apps/jartosdto/server/.venv/lib/python3.12/site-packages/click/core.py", line 1490, in main
    rv = self.invoke(ctx)
         ^^^^^^^^^^^^^^^^
  File "/home/ubuntu/MSBrossAI/apps/jartosdto/server/.venv/lib/python3.12/site-packages/click/core.py", line 1353, in invoke
    return ctx.invoke(self.callback, **ctx.params)
           ^^^^^^^^^^^^^^^^^^^^^^^^^^^^^^^^^^^^^^^
  File "/home/ubuntu/MSBrossAI/apps/jartosdto/server/.venv/lib/python3.12/site-packages/click/core.py", line 907, in invoke
    return callback(*args, **kwargs)
           ^^^^^^^^^^^^^^^^^^^^^^^^^
  File "/home/ubuntu/MSBrossAI/apps/jartosdto/server/.venv/lib/python3.12/site-packages/uvicorn/main.py", line 441, in main
    run(
  File "/home/ubuntu/MSBrossAI/apps/jartosdto/server/.venv/lib/python3.12/site-packages/uvicorn/main.py", line 609, in run
    config.load_app()
  File "/home/ubuntu/MSBrossAI/apps/jartosdto/server/.venv/lib/python3.12/site-packages/uvicorn/config.py", line 415, in load_app
    return import_from_string(self.app)
           ^^^^^^^^^^^^^^^^^^^^^^^^^^^^
  File "/home/ubuntu/MSBrossAI/apps/jartosdto/server/.venv/lib/python3.12/site-packages/uvicorn/importer.py", line 22, in import_from_string
    raise exc from None
  File "/home/ubuntu/MSBrossAI/apps/jartosdto/server/.venv/lib/python3.12/site-packages/uvicorn/importer.py", line 19, in import_from_string
    module = importlib.import_module(module_str)
             ^^^^^^^^^^^^^^^^^^^^^^^^^^^^^^^^^^^
  File "/home/ubuntu/.local/share/uv/python/cpython-3.12.13-linux-x86_64-gnu/lib/python3.12/importlib/__init__.py", line 90, in import_module
    return _bootstrap._gcd_import(name[level:], package, level)
           ^^^^^^^^^^^^^^^^^^^^^^^^^^^^^^^^^^^^^^^^^^^^^^^^^^^^
  File "<frozen importlib._bootstrap>", line 1387, in _gcd_import
  File "<frozen importlib._bootstrap>", line 1360, in _find_and_load
  File "<frozen importlib._bootstrap>", line 1331, in _find_and_load_unlocked
  File "<frozen importlib._bootstrap>", line 935, in _load_unlocked
  File "<frozen importlib._bootstrap_external>", line 999, in exec_module
  File "<frozen importlib._bootstrap>", line 488, in _call_with_frames_removed
  File "/home/ubuntu/MSBrossAI/apps/jartosdto/server/app/main.py", line 12, in <module>
    from app.api.router import api_router
  File "/home/ubuntu/MSBrossAI/apps/jartosdto/server/app/api/router.py", line 9, in <module>
    import httpx
ModuleNotFoundError: No module named 'httpx'
Traceback (most recent call last):
  File "<frozen runpy>", line 198, in _run_module_as_main
  File "<frozen runpy>", line 88, in _run_code
  File "/home/ubuntu/MSBrossAI/apps/jartosdto/server/.venv/lib/python3.12/site-packages/uvicorn/__main__.py", line 4, in <module>
    uvicorn.main()
  File "/home/ubuntu/MSBrossAI/apps/jartosdto/server/.venv/lib/python3.12/site-packages/click/core.py", line 1569, in __call__
    return self.main(*args, **kwargs)
           ^^^^^^^^^^^^^^^^^^^^^^^^^^
  File "/home/ubuntu/MSBrossAI/apps/jartosdto/server/.venv/lib/python3.12/site-packages/click/core.py", line 1490, in main
    rv = self.invoke(ctx)
         ^^^^^^^^^^^^^^^^
  File "/home/ubuntu/MSBrossAI/apps/jartosdto/server/.venv/lib/python3.12/site-packages/click/core.py", line 1353, in invoke
    return ctx.invoke(self.callback, **ctx.params)
           ^^^^^^^^^^^^^^^^^^^^^^^^^^^^^^^^^^^^^^^
  File "/home/ubuntu/MSBrossAI/apps/jartosdto/server/.venv/lib/python3.12/site-packages/click/core.py", line 907, in invoke
    return callback(*args, **kwargs)
           ^^^^^^^^^^^^^^^^^^^^^^^^^
  File "/home/ubuntu/MSBrossAI/apps/jartosdto/server/.venv/lib/python3.12/site-packages/uvicorn/main.py", line 441, in main
    run(
  File "/home/ubuntu/MSBrossAI/apps/jartosdto/server/.venv/lib/python3.12/site-packages/uvicorn/main.py", line 609, in run
    config.load_app()
  File "/home/ubuntu/MSBrossAI/apps/jartosdto/server/.venv/lib/python3.12/site-packages/uvicorn/config.py", line 415, in load_app
    return import_from_string(self.app)
           ^^^^^^^^^^^^^^^^^^^^^^^^^^^^
  File "/home/ubuntu/MSBrossAI/apps/jartosdto/server/.venv/lib/python3.12/site-packages/uvicorn/importer.py", line 22, in import_from_string
    raise exc from None
  File "/home/ubuntu/MSBrossAI/apps/jartosdto/server/.venv/lib/python3.12/site-packages/uvicorn/importer.py", line 19, in import_from_string
    module = importlib.import_module(module_str)
             ^^^^^^^^^^^^^^^^^^^^^^^^^^^^^^^^^^^
  File "/home/ubuntu/.local/share/uv/python/cpython-3.12.13-linux-x86_64-gnu/lib/python3.12/importlib/__init__.py", line 90, in import_module
    return _bootstrap._gcd_import(name[level:], package, level)
           ^^^^^^^^^^^^^^^^^^^^^^^^^^^^^^^^^^^^^^^^^^^^^^^^^^^^
  File "<frozen importlib._bootstrap>", line 1387, in _gcd_import
  File "<frozen importlib._bootstrap>", line 1360, in _find_and_load
  File "<frozen importlib._bootstrap>", line 1331, in _find_and_load_unlocked
  File "<frozen importlib._bootstrap>", line 935, in _load_unlocked
  File "<frozen importlib._bootstrap_external>", line 999, in exec_module
  File "<frozen importlib._bootstrap>", line 488, in _call_with_frames_removed
  File "/home/ubuntu/MSBrossAI/apps/jartosdto/server/app/main.py", line 12, in <module>
    from app.api.router import api_router
  File "/home/ubuntu/MSBrossAI/apps/jartosdto/server/app/api/router.py", line 9, in <module>
    import httpx
ModuleNotFoundError: No module named 'httpx'
Traceback (most recent call last):
  File "<frozen runpy>", line 198, in _run_module_as_main
  File "<frozen runpy>", line 88, in _run_code
  File "/home/ubuntu/MSBrossAI/apps/jartosdto/server/.venv/lib/python3.12/site-packages/uvicorn/__main__.py", line 4, in <module>
    uvicorn.main()
  File "/home/ubuntu/MSBrossAI/apps/jartosdto/server/.venv/lib/python3.12/site-packages/click/core.py", line 1569, in __call__
    return self.main(*args, **kwargs)
           ^^^^^^^^^^^^^^^^^^^^^^^^^^
  File "/home/ubuntu/MSBrossAI/apps/jartosdto/server/.venv/lib/python3.12/site-packages/click/core.py", line 1490, in main
    rv = self.invoke(ctx)
         ^^^^^^^^^^^^^^^^
  File "/home/ubuntu/MSBrossAI/apps/jartosdto/server/.venv/lib/python3.12/site-packages/click/core.py", line 1353, in invoke
    return ctx.invoke(self.callback, **ctx.params)
           ^^^^^^^^^^^^^^^^^^^^^^^^^^^^^^^^^^^^^^^
  File "/home/ubuntu/MSBrossAI/apps/jartosdto/server/.venv/lib/python3.12/site-packages/click/core.py", line 907, in invoke
    return callback(*args, **kwargs)
           ^^^^^^^^^^^^^^^^^^^^^^^^^
  File "/home/ubuntu/MSBrossAI/apps/jartosdto/server/.venv/lib/python3.12/site-packages/uvicorn/main.py", line 441, in main
    run(
  File "/home/ubuntu/MSBrossAI/apps/jartosdto/server/.venv/lib/python3.12/site-packages/uvicorn/main.py", line 609, in run
    config.load_app()
  File "/home/ubuntu/MSBrossAI/apps/jartosdto/server/.venv/lib/python3.12/site-packages/uvicorn/config.py", line 415, in load_app
    return import_from_string(self.app)
           ^^^^^^^^^^^^^^^^^^^^^^^^^^^^
  File "/home/ubuntu/MSBrossAI/apps/jartosdto/server/.venv/lib/python3.12/site-packages/uvicorn/importer.py", line 22, in import_from_string
    raise exc from None
  File "/home/ubuntu/MSBrossAI/apps/jartosdto/server/.venv/lib/python3.12/site-packages/uvicorn/importer.py", line 19, in import_from_string
    module = importlib.import_module(module_str)
             ^^^^^^^^^^^^^^^^^^^^^^^^^^^^^^^^^^^
  File "/home/ubuntu/.local/share/uv/python/cpython-3.12.13-linux-x86_64-gnu/lib/python3.12/importlib/__init__.py", line 90, in import_module
    return _bootstrap._gcd_import(name[level:], package, level)
           ^^^^^^^^^^^^^^^^^^^^^^^^^^^^^^^^^^^^^^^^^^^^^^^^^^^^
  File "<frozen importlib._bootstrap>", line 1387, in _gcd_import
  File "<frozen importlib._bootstrap>", line 1360, in _find_and_load
  File "<frozen importlib._bootstrap>", line 1331, in _find_and_load_unlocked
  File "<frozen importlib._bootstrap>", line 935, in _load_unlocked
  File "<frozen importlib._bootstrap_external>", line 999, in exec_module
  File "<frozen importlib._bootstrap>", line 488, in _call_with_frames_removed
  File "/home/ubuntu/MSBrossAI/apps/jartosdto/server/app/main.py", line 12, in <module>
    from app.api.router import api_router
  File "/home/ubuntu/MSBrossAI/apps/jartosdto/server/app/api/router.py", line 9, in <module>
    import httpx
ModuleNotFoundError: No module named 'httpx'
Traceback (most recent call last):
  File "<frozen runpy>", line 198, in _run_module_as_main
  File "<frozen runpy>", line 88, in _run_code
  File "/home/ubuntu/MSBrossAI/apps/jartosdto/server/.venv/lib/python3.12/site-packages/uvicorn/__main__.py", line 4, in <module>
    uvicorn.main()
  File "/home/ubuntu/MSBrossAI/apps/jartosdto/server/.venv/lib/python3.12/site-packages/click/core.py", line 1569, in __call__
    return self.main(*args, **kwargs)
           ^^^^^^^^^^^^^^^^^^^^^^^^^^
  File "/home/ubuntu/MSBrossAI/apps/jartosdto/server/.venv/lib/python3.12/site-packages/click/core.py", line 1490, in main
    rv = self.invoke(ctx)
         ^^^^^^^^^^^^^^^^
  File "/home/ubuntu/MSBrossAI/apps/jartosdto/server/.venv/lib/python3.12/site-packages/click/core.py", line 1353, in invoke
    return ctx.invoke(self.callback, **ctx.params)
           ^^^^^^^^^^^^^^^^^^^^^^^^^^^^^^^^^^^^^^^
  File "/home/ubuntu/MSBrossAI/apps/jartosdto/server/.venv/lib/python3.12/site-packages/click/core.py", line 907, in invoke
    return callback(*args, **kwargs)
           ^^^^^^^^^^^^^^^^^^^^^^^^^
  File "/home/ubuntu/MSBrossAI/apps/jartosdto/server/.venv/lib/python3.12/site-packages/uvicorn/main.py", line 441, in main
    run(
  File "/home/ubuntu/MSBrossAI/apps/jartosdto/server/.venv/lib/python3.12/site-packages/uvicorn/main.py", line 609, in run
    config.load_app()
  File "/home/ubuntu/MSBrossAI/apps/jartosdto/server/.venv/lib/python3.12/site-packages/uvicorn/config.py", line 415, in load_app
    return import_from_string(self.app)
           ^^^^^^^^^^^^^^^^^^^^^^^^^^^^
  File "/home/ubuntu/MSBrossAI/apps/jartosdto/server/.venv/lib/python3.12/site-packages/uvicorn/importer.py", line 22, in import_from_string
    raise exc from None
  File "/home/ubuntu/MSBrossAI/apps/jartosdto/server/.venv/lib/python3.12/site-packages/uvicorn/importer.py", line 19, in import_from_string
    module = importlib.import_module(module_str)
             ^^^^^^^^^^^^^^^^^^^^^^^^^^^^^^^^^^^
  File "/home/ubuntu/.local/share/uv/python/cpython-3.12.13-linux-x86_64-gnu/lib/python3.12/importlib/__init__.py", line 90, in import_module
    return _bootstrap._gcd_import(name[level:], package, level)
           ^^^^^^^^^^^^^^^^^^^^^^^^^^^^^^^^^^^^^^^^^^^^^^^^^^^^
  File "<frozen importlib._bootstrap>", line 1387, in _gcd_import
  File "<frozen importlib._bootstrap>", line 1360, in _find_and_load
  File "<frozen importlib._bootstrap>", line 1331, in _find_and_load_unlocked
  File "<frozen importlib._bootstrap>", line 935, in _load_unlocked
  File "<frozen importlib._bootstrap_external>", line 999, in exec_module
  File "<frozen importlib._bootstrap>", line 488, in _call_with_frames_removed
  File "/home/ubuntu/MSBrossAI/apps/jartosdto/server/app/main.py", line 12, in <module>
    from app.api.router import api_router
  File "/home/ubuntu/MSBrossAI/apps/jartosdto/server/app/api/router.py", line 9, in <module>
    import httpx
ModuleNotFoundError: No module named 'httpx'
Form data requires "python-multipart" to be installed. 
You can install "python-multipart" with: 

pip install python-multipart

Traceback (most recent call last):
  File "<frozen runpy>", line 198, in _run_module_as_main
  File "<frozen runpy>", line 88, in _run_code
  File "/home/ubuntu/MSBrossAI/apps/jartosdto/server/.venv/lib/python3.12/site-packages/uvicorn/__main__.py", line 4, in <module>
    uvicorn.main()
  File "/home/ubuntu/MSBrossAI/apps/jartosdto/server/.venv/lib/python3.12/site-packages/click/core.py", line 1569, in __call__
    return self.main(*args, **kwargs)
           ^^^^^^^^^^^^^^^^^^^^^^^^^^
  File "/home/ubuntu/MSBrossAI/apps/jartosdto/server/.venv/lib/python3.12/site-packages/click/core.py", line 1490, in main
    rv = self.invoke(ctx)
         ^^^^^^^^^^^^^^^^
  File "/home/ubuntu/MSBrossAI/apps/jartosdto/server/.venv/lib/python3.12/site-packages/click/core.py", line 1353, in invoke
    return ctx.invoke(self.callback, **ctx.params)
           ^^^^^^^^^^^^^^^^^^^^^^^^^^^^^^^^^^^^^^^
  File "/home/ubuntu/MSBrossAI/apps/jartosdto/server/.venv/lib/python3.12/site-packages/click/core.py", line 907, in invoke
    return callback(*args, **kwargs)
           ^^^^^^^^^^^^^^^^^^^^^^^^^
  File "/home/ubuntu/MSBrossAI/apps/jartosdto/server/.venv/lib/python3.12/site-packages/uvicorn/main.py", line 441, in main
    run(
  File "/home/ubuntu/MSBrossAI/apps/jartosdto/server/.venv/lib/python3.12/site-packages/uvicorn/main.py", line 609, in run
    config.load_app()
  File "/home/ubuntu/MSBrossAI/apps/jartosdto/server/.venv/lib/python3.12/site-packages/uvicorn/config.py", line 415, in load_app
    return import_from_string(self.app)
           ^^^^^^^^^^^^^^^^^^^^^^^^^^^^
  File "/home/ubuntu/MSBrossAI/apps/jartosdto/server/.venv/lib/python3.12/site-packages/uvicorn/importer.py", line 19, in import_from_string
    module = importlib.import_module(module_str)
             ^^^^^^^^^^^^^^^^^^^^^^^^^^^^^^^^^^^
  File "/home/ubuntu/.local/share/uv/python/cpython-3.12.13-linux-x86_64-gnu/lib/python3.12/importlib/__init__.py", line 90, in import_module
    return _bootstrap._gcd_import(name[level:], package, level)
           ^^^^^^^^^^^^^^^^^^^^^^^^^^^^^^^^^^^^^^^^^^^^^^^^^^^^
  File "<frozen importlib._bootstrap>", line 1387, in _gcd_import
  File "<frozen importlib._bootstrap>", line 1360, in _find_and_load
  File "<frozen importlib._bootstrap>", line 1331, in _find_and_load_unlocked
  File "<frozen importlib._bootstrap>", line 935, in _load_unlocked
  File "<frozen importlib._bootstrap_external>", line 999, in exec_module
  File "<frozen importlib._bootstrap>", line 488, in _call_with_frames_removed
  File "/home/ubuntu/MSBrossAI/apps/jartosdto/server/app/main.py", line 12, in <module>
    from app.api.router import api_router
  File "/home/ubuntu/MSBrossAI/apps/jartosdto/server/app/api/router.py", line 341, in <module>
    @api_router.post("/documents/upload")
     ^^^^^^^^^^^^^^^^^^^^^^^^^^^^^^^^^^^^
  File "/home/ubuntu/MSBrossAI/apps/jartosdto/server/.venv/lib/python3.12/site-packages/fastapi/routing.py", line 2953, in decorator
    self.add_api_route(
  File "/home/ubuntu/MSBrossAI/apps/jartosdto/server/.venv/lib/python3.12/site-packages/fastapi/routing.py", line 2888, in add_api_route
    route = route_class(
            ^^^^^^^^^^^^
  File "/home/ubuntu/MSBrossAI/apps/jartosdto/server/.venv/lib/python3.12/site-packages/fastapi/routing.py", line 1178, in __init__
    _populate_api_route_state(
  File "/home/ubuntu/MSBrossAI/apps/jartosdto/server/.venv/lib/python3.12/site-packages/fastapi/routing.py", line 1088, in _populate_api_route_state
    ) = _build_dependant_with_parameterless_dependencies(
        ^^^^^^^^^^^^^^^^^^^^^^^^^^^^^^^^^^^^^^^^^^^^^^^^^
  File "/home/ubuntu/MSBrossAI/apps/jartosdto/server/.venv/lib/python3.12/site-packages/fastapi/routing.py", line 845, in _build_dependant_with_parameterless_dependencies
    dependant = get_dependant(path=path, call=call, scope="function")
                ^^^^^^^^^^^^^^^^^^^^^^^^^^^^^^^^^^^^^^^^^^^^^^^^^^^^^
  File "/home/ubuntu/MSBrossAI/apps/jartosdto/server/.venv/lib/python3.12/site-packages/fastapi/dependencies/utils.py", line 311, in get_dependant
    param_details = analyze_param(
                    ^^^^^^^^^^^^^^
  File "/home/ubuntu/MSBrossAI/apps/jartosdto/server/.venv/lib/python3.12/site-packages/fastapi/dependencies/utils.py", line 535, in analyze_param
    ensure_multipart_is_installed()
  File "/home/ubuntu/MSBrossAI/apps/jartosdto/server/.venv/lib/python3.12/site-packages/fastapi/dependencies/utils.py", line 120, in ensure_multipart_is_installed
    raise RuntimeError(multipart_not_installed_error) from None
RuntimeError: Form data requires "python-multipart" to be installed. 
You can install "python-multipart" with: 

pip install python-multipart

Form data requires "python-multipart" to be installed. 
You can install "python-multipart" with: 

pip install python-multipart

Traceback (most recent call last):
  File "<frozen runpy>", line 198, in _run_module_as_main
  File "<frozen runpy>", line 88, in _run_code
  File "/home/ubuntu/MSBrossAI/apps/jartosdto/server/.venv/lib/python3.12/site-packages/uvicorn/__main__.py", line 4, in <module>
    uvicorn.main()
  File "/home/ubuntu/MSBrossAI/apps/jartosdto/server/.venv/lib/python3.12/site-packages/click/core.py", line 1569, in __call__
    return self.main(*args, **kwargs)
           ^^^^^^^^^^^^^^^^^^^^^^^^^^
  File "/home/ubuntu/MSBrossAI/apps/jartosdto/server/.venv/lib/python3.12/site-packages/click/core.py", line 1490, in main
    rv = self.invoke(ctx)
         ^^^^^^^^^^^^^^^^
  File "/home/ubuntu/MSBrossAI/apps/jartosdto/server/.venv/lib/python3.12/site-packages/click/core.py", line 1353, in invoke
    return ctx.invoke(self.callback, **ctx.params)
           ^^^^^^^^^^^^^^^^^^^^^^^^^^^^^^^^^^^^^^^
  File "/home/ubuntu/MSBrossAI/apps/jartosdto/server/.venv/lib/python3.12/site-packages/click/core.py", line 907, in invoke
    return callback(*args, **kwargs)
           ^^^^^^^^^^^^^^^^^^^^^^^^^
  File "/home/ubuntu/MSBrossAI/apps/jartosdto/server/.venv/lib/python3.12/site-packages/uvicorn/main.py", line 441, in main
    run(
  File "/home/ubuntu/MSBrossAI/apps/jartosdto/server/.venv/lib/python3.12/site-packages/uvicorn/main.py", line 609, in run
    config.load_app()
  File "/home/ubuntu/MSBrossAI/apps/jartosdto/server/.venv/lib/python3.12/site-packages/uvicorn/config.py", line 415, in load_app
    return import_from_string(self.app)
           ^^^^^^^^^^^^^^^^^^^^^^^^^^^^
  File "/home/ubuntu/MSBrossAI/apps/jartosdto/server/.venv/lib/python3.12/site-packages/uvicorn/importer.py", line 19, in import_from_string
    module = importlib.import_module(module_str)
             ^^^^^^^^^^^^^^^^^^^^^^^^^^^^^^^^^^^
  File "/home/ubuntu/.local/share/uv/python/cpython-3.12.13-linux-x86_64-gnu/lib/python3.12/importlib/__init__.py", line 90, in import_module
    return _bootstrap._gcd_import(name[level:], package, level)
           ^^^^^^^^^^^^^^^^^^^^^^^^^^^^^^^^^^^^^^^^^^^^^^^^^^^^
  File "<frozen importlib._bootstrap>", line 1387, in _gcd_import
  File "<frozen importlib._bootstrap>", line 1360, in _find_and_load
  File "<frozen importlib._bootstrap>", line 1331, in _find_and_load_unlocked
  File "<frozen importlib._bootstrap>", line 935, in _load_unlocked
  File "<frozen importlib._bootstrap_external>", line 999, in exec_module
  File "<frozen importlib._bootstrap>", line 488, in _call_with_frames_removed
  File "/home/ubuntu/MSBrossAI/apps/jartosdto/server/app/main.py", line 12, in <module>
    from app.api.router import api_router
  File "/home/ubuntu/MSBrossAI/apps/jartosdto/server/app/api/router.py", line 341, in <module>
    @api_router.post("/documents/upload")
     ^^^^^^^^^^^^^^^^^^^^^^^^^^^^^^^^^^^^
  File "/home/ubuntu/MSBrossAI/apps/jartosdto/server/.venv/lib/python3.12/site-packages/fastapi/routing.py", line 2953, in decorator
    self.add_api_route(
  File "/home/ubuntu/MSBrossAI/apps/jartosdto/server/.venv/lib/python3.12/site-packages/fastapi/routing.py", line 2888, in add_api_route
    route = route_class(
            ^^^^^^^^^^^^
  File "/home/ubuntu/MSBrossAI/apps/jartosdto/server/.venv/lib/python3.12/site-packages/fastapi/routing.py", line 1178, in __init__
    _populate_api_route_state(
  File "/home/ubuntu/MSBrossAI/apps/jartosdto/server/.venv/lib/python3.12/site-packages/fastapi/routing.py", line 1088, in _populate_api_route_state
    ) = _build_dependant_with_parameterless_dependencies(
        ^^^^^^^^^^^^^^^^^^^^^^^^^^^^^^^^^^^^^^^^^^^^^^^^^
  File "/home/ubuntu/MSBrossAI/apps/jartosdto/server/.venv/lib/python3.12/site-packages/fastapi/routing.py", line 845, in _build_dependant_with_parameterless_dependencies
    dependant = get_dependant(path=path, call=call, scope="function")
                ^^^^^^^^^^^^^^^^^^^^^^^^^^^^^^^^^^^^^^^^^^^^^^^^^^^^^
  File "/home/ubuntu/MSBrossAI/apps/jartosdto/server/.venv/lib/python3.12/site-packages/fastapi/dependencies/utils.py", line 311, in get_dependant
    param_details = analyze_param(
                    ^^^^^^^^^^^^^^
  File "/home/ubuntu/MSBrossAI/apps/jartosdto/server/.venv/lib/python3.12/site-packages/fastapi/dependencies/utils.py", line 535, in analyze_param
    ensure_multipart_is_installed()
  File "/home/ubuntu/MSBrossAI/apps/jartosdto/server/.venv/lib/python3.12/site-packages/fastapi/dependencies/utils.py", line 120, in ensure_multipart_is_installed
    raise RuntimeError(multipart_not_installed_error) from None
RuntimeError: Form data requires "python-multipart" to be installed. 
You can install "python-multipart" with: 

pip install python-multipart

Form data requires "python-multipart" to be installed. 
You can install "python-multipart" with: 

pip install python-multipart

Traceback (most recent call last):
  File "<frozen runpy>", line 198, in _run_module_as_main
  File "<frozen runpy>", line 88, in _run_code
  File "/home/ubuntu/MSBrossAI/apps/jartosdto/server/.venv/lib/python3.12/site-packages/uvicorn/__main__.py", line 4, in <module>
    uvicorn.main()
  File "/home/ubuntu/MSBrossAI/apps/jartosdto/server/.venv/lib/python3.12/site-packages/click/core.py", line 1569, in __call__
    return self.main(*args, **kwargs)
           ^^^^^^^^^^^^^^^^^^^^^^^^^^
  File "/home/ubuntu/MSBrossAI/apps/jartosdto/server/.venv/lib/python3.12/site-packages/click/core.py", line 1490, in main
    rv = self.invoke(ctx)
         ^^^^^^^^^^^^^^^^
  File "/home/ubuntu/MSBrossAI/apps/jartosdto/server/.venv/lib/python3.12/site-packages/click/core.py", line 1353, in invoke
    return ctx.invoke(self.callback, **ctx.params)
           ^^^^^^^^^^^^^^^^^^^^^^^^^^^^^^^^^^^^^^^
  File "/home/ubuntu/MSBrossAI/apps/jartosdto/server/.venv/lib/python3.12/site-packages/click/core.py", line 907, in invoke
    return callback(*args, **kwargs)
           ^^^^^^^^^^^^^^^^^^^^^^^^^
  File "/home/ubuntu/MSBrossAI/apps/jartosdto/server/.venv/lib/python3.12/site-packages/uvicorn/main.py", line 441, in main
    run(
  File "/home/ubuntu/MSBrossAI/apps/jartosdto/server/.venv/lib/python3.12/site-packages/uvicorn/main.py", line 609, in run
    config.load_app()
  File "/home/ubuntu/MSBrossAI/apps/jartosdto/server/.venv/lib/python3.12/site-packages/uvicorn/config.py", line 415, in load_app
    return import_from_string(self.app)
           ^^^^^^^^^^^^^^^^^^^^^^^^^^^^
  File "/home/ubuntu/MSBrossAI/apps/jartosdto/server/.venv/lib/python3.12/site-packages/uvicorn/importer.py", line 19, in import_from_string
    module = importlib.import_module(module_str)
             ^^^^^^^^^^^^^^^^^^^^^^^^^^^^^^^^^^^
  File "/home/ubuntu/.local/share/uv/python/cpython-3.12.13-linux-x86_64-gnu/lib/python3.12/importlib/__init__.py", line 90, in import_module
    return _bootstrap._gcd_import(name[level:], package, level)
           ^^^^^^^^^^^^^^^^^^^^^^^^^^^^^^^^^^^^^^^^^^^^^^^^^^^^
  File "<frozen importlib._bootstrap>", line 1387, in _gcd_import
  File "<frozen importlib._bootstrap>", line 1360, in _find_and_load
  File "<frozen importlib._bootstrap>", line 1331, in _find_and_load_unlocked
  File "<frozen importlib._bootstrap>", line 935, in _load_unlocked
  File "<frozen importlib._bootstrap_external>", line 999, in exec_module
  File "<frozen importlib._bootstrap>", line 488, in _call_with_frames_removed
  File "/home/ubuntu/MSBrossAI/apps/jartosdto/server/app/main.py", line 12, in <module>
    from app.api.router import api_router
  File "/home/ubuntu/MSBrossAI/apps/jartosdto/server/app/api/router.py", line 341, in <module>
    @api_router.post("/documents/upload")
     ^^^^^^^^^^^^^^^^^^^^^^^^^^^^^^^^^^^^
  File "/home/ubuntu/MSBrossAI/apps/jartosdto/server/.venv/lib/python3.12/site-packages/fastapi/routing.py", line 2953, in decorator
    self.add_api_route(
  File "/home/ubuntu/MSBrossAI/apps/jartosdto/server/.venv/lib/python3.12/site-packages/fastapi/routing.py", line 2888, in add_api_route
    route = route_class(
            ^^^^^^^^^^^^
  File "/home/ubuntu/MSBrossAI/apps/jartosdto/server/.venv/lib/python3.12/site-packages/fastapi/routing.py", line 1178, in __init__
    _populate_api_route_state(
  File "/home/ubuntu/MSBrossAI/apps/jartosdto/server/.venv/lib/python3.12/site-packages/fastapi/routing.py", line 1088, in _populate_api_route_state
    ) = _build_dependant_with_parameterless_dependencies(
        ^^^^^^^^^^^^^^^^^^^^^^^^^^^^^^^^^^^^^^^^^^^^^^^^^
  File "/home/ubuntu/MSBrossAI/apps/jartosdto/server/.venv/lib/python3.12/site-packages/fastapi/routing.py", line 845, in _build_dependant_with_parameterless_dependencies
    dependant = get_dependant(path=path, call=call, scope="function")
                ^^^^^^^^^^^^^^^^^^^^^^^^^^^^^^^^^^^^^^^^^^^^^^^^^^^^^
  File "/home/ubuntu/MSBrossAI/apps/jartosdto/server/.venv/lib/python3.12/site-packages/fastapi/dependencies/utils.py", line 311, in get_dependant
    param_details = analyze_param(
                    ^^^^^^^^^^^^^^
  File "/home/ubuntu/MSBrossAI/apps/jartosdto/server/.venv/lib/python3.12/site-packages/fastapi/dependencies/utils.py", line 535, in analyze_param
    ensure_multipart_is_installed()
  File "/home/ubuntu/MSBrossAI/apps/jartosdto/server/.venv/lib/python3.12/site-packages/fastapi/dependencies/utils.py", line 120, in ensure_multipart_is_installed
    raise RuntimeError(multipart_not_installed_error) from None
RuntimeError: Form data requires "python-multipart" to be installed. 
You can install "python-multipart" with: 

pip install python-multipart

Form data requires "python-multipart" to be installed. 
You can install "python-multipart" with: 

pip install python-multipart

Traceback (most recent call last):
  File "<frozen runpy>", line 198, in _run_module_as_main
  File "<frozen runpy>", line 88, in _run_code
  File "/home/ubuntu/MSBrossAI/apps/jartosdto/server/.venv/lib/python3.12/site-packages/uvicorn/__main__.py", line 4, in <module>
    uvicorn.main()
  File "/home/ubuntu/MSBrossAI/apps/jartosdto/server/.venv/lib/python3.12/site-packages/click/core.py", line 1569, in __call__
    return self.main(*args, **kwargs)
           ^^^^^^^^^^^^^^^^^^^^^^^^^^
  File "/home/ubuntu/MSBrossAI/apps/jartosdto/server/.venv/lib/python3.12/site-packages/click/core.py", line 1490, in main
    rv = self.invoke(ctx)
         ^^^^^^^^^^^^^^^^
  File "/home/ubuntu/MSBrossAI/apps/jartosdto/server/.venv/lib/python3.12/site-packages/click/core.py", line 1353, in invoke
    return ctx.invoke(self.callback, **ctx.params)
           ^^^^^^^^^^^^^^^^^^^^^^^^^^^^^^^^^^^^^^^
  File "/home/ubuntu/MSBrossAI/apps/jartosdto/server/.venv/lib/python3.12/site-packages/click/core.py", line 907, in invoke
    return callback(*args, **kwargs)
           ^^^^^^^^^^^^^^^^^^^^^^^^^
  File "/home/ubuntu/MSBrossAI/apps/jartosdto/server/.venv/lib/python3.12/site-packages/uvicorn/main.py", line 441, in main
    run(
  File "/home/ubuntu/MSBrossAI/apps/jartosdto/server/.venv/lib/python3.12/site-packages/uvicorn/main.py", line 609, in run
    config.load_app()
  File "/home/ubuntu/MSBrossAI/apps/jartosdto/server/.venv/lib/python3.12/site-packages/uvicorn/config.py", line 415, in load_app
    return import_from_string(self.app)
           ^^^^^^^^^^^^^^^^^^^^^^^^^^^^
  File "/home/ubuntu/MSBrossAI/apps/jartosdto/server/.venv/lib/python3.12/site-packages/uvicorn/importer.py", line 19, in import_from_string
    module = importlib.import_module(module_str)
             ^^^^^^^^^^^^^^^^^^^^^^^^^^^^^^^^^^^
  File "/home/ubuntu/.local/share/uv/python/cpython-3.12.13-linux-x86_64-gnu/lib/python3.12/importlib/__init__.py", line 90, in import_module
    return _bootstrap._gcd_import(name[level:], package, level)
           ^^^^^^^^^^^^^^^^^^^^^^^^^^^^^^^^^^^^^^^^^^^^^^^^^^^^
  File "<frozen importlib._bootstrap>", line 1387, in _gcd_import
  File "<frozen importlib._bootstrap>", line 1360, in _find_and_load
  File "<frozen importlib._bootstrap>", line 1331, in _find_and_load_unlocked
  File "<frozen importlib._bootstrap>", line 935, in _load_unlocked
  File "<frozen importlib._bootstrap_external>", line 999, in exec_module
  File "<frozen importlib._bootstrap>", line 488, in _call_with_frames_removed
  File "/home/ubuntu/MSBrossAI/apps/jartosdto/server/app/main.py", line 12, in <module>
    from app.api.router import api_router
  File "/home/ubuntu/MSBrossAI/apps/jartosdto/server/app/api/router.py", line 341, in <module>
    @api_router.post("/documents/upload")
     ^^^^^^^^^^^^^^^^^^^^^^^^^^^^^^^^^^^^
  File "/home/ubuntu/MSBrossAI/apps/jartosdto/server/.venv/lib/python3.12/site-packages/fastapi/routing.py", line 2953, in decorator
    self.add_api_route(
  File "/home/ubuntu/MSBrossAI/apps/jartosdto/server/.venv/lib/python3.12/site-packages/fastapi/routing.py", line 2888, in add_api_route
    route = route_class(
            ^^^^^^^^^^^^
  File "/home/ubuntu/MSBrossAI/apps/jartosdto/server/.venv/lib/python3.12/site-packages/fastapi/routing.py", line 1178, in __init__
    _populate_api_route_state(
  File "/home/ubuntu/MSBrossAI/apps/jartosdto/server/.venv/lib/python3.12/site-packages/fastapi/routing.py", line 1088, in _populate_api_route_state
    ) = _build_dependant_with_parameterless_dependencies(
        ^^^^^^^^^^^^^^^^^^^^^^^^^^^^^^^^^^^^^^^^^^^^^^^^^
  File "/home/ubuntu/MSBrossAI/apps/jartosdto/server/.venv/lib/python3.12/site-packages/fastapi/routing.py", line 845, in _build_dependant_with_parameterless_dependencies
    dependant = get_dependant(path=path, call=call, scope="function")
                ^^^^^^^^^^^^^^^^^^^^^^^^^^^^^^^^^^^^^^^^^^^^^^^^^^^^^
  File "/home/ubuntu/MSBrossAI/apps/jartosdto/server/.venv/lib/python3.12/site-packages/fastapi/dependencies/utils.py", line 311, in get_dependant
    param_details = analyze_param(
                    ^^^^^^^^^^^^^^
  File "/home/ubuntu/MSBrossAI/apps/jartosdto/server/.venv/lib/python3.12/site-packages/fastapi/dependencies/utils.py", line 535, in analyze_param
    ensure_multipart_is_installed()
  File "/home/ubuntu/MSBrossAI/apps/jartosdto/server/.venv/lib/python3.12/site-packages/fastapi/dependencies/utils.py", line 120, in ensure_multipart_is_installed
    raise RuntimeError(multipart_not_installed_error) from None
RuntimeError: Form data requires "python-multipart" to be installed. 
You can install "python-multipart" with: 

pip install python-multipart

Form data requires "python-multipart" to be installed. 
You can install "python-multipart" with: 

pip install python-multipart

Traceback (most recent call last):
  File "<frozen runpy>", line 198, in _run_module_as_main
  File "<frozen runpy>", line 88, in _run_code
  File "/home/ubuntu/MSBrossAI/apps/jartosdto/server/.venv/lib/python3.12/site-packages/uvicorn/__main__.py", line 4, in <module>
    uvicorn.main()
  File "/home/ubuntu/MSBrossAI/apps/jartosdto/server/.venv/lib/python3.12/site-packages/click/core.py", line 1569, in __call__
    return self.main(*args, **kwargs)
           ^^^^^^^^^^^^^^^^^^^^^^^^^^
  File "/home/ubuntu/MSBrossAI/apps/jartosdto/server/.venv/lib/python3.12/site-packages/click/core.py", line 1490, in main
    rv = self.invoke(ctx)
         ^^^^^^^^^^^^^^^^
  File "/home/ubuntu/MSBrossAI/apps/jartosdto/server/.venv/lib/python3.12/site-packages/click/core.py", line 1353, in invoke
    return ctx.invoke(self.callback, **ctx.params)
           ^^^^^^^^^^^^^^^^^^^^^^^^^^^^^^^^^^^^^^^
  File "/home/ubuntu/MSBrossAI/apps/jartosdto/server/.venv/lib/python3.12/site-packages/click/core.py", line 907, in invoke
    return callback(*args, **kwargs)
           ^^^^^^^^^^^^^^^^^^^^^^^^^
  File "/home/ubuntu/MSBrossAI/apps/jartosdto/server/.venv/lib/python3.12/site-packages/uvicorn/main.py", line 441, in main
    run(
  File "/home/ubuntu/MSBrossAI/apps/jartosdto/server/.venv/lib/python3.12/site-packages/uvicorn/main.py", line 609, in run
    config.load_app()
  File "/home/ubuntu/MSBrossAI/apps/jartosdto/server/.venv/lib/python3.12/site-packages/uvicorn/config.py", line 415, in load_app
    return import_from_string(self.app)
           ^^^^^^^^^^^^^^^^^^^^^^^^^^^^
  File "/home/ubuntu/MSBrossAI/apps/jartosdto/server/.venv/lib/python3.12/site-packages/uvicorn/importer.py", line 19, in import_from_string
    module = importlib.import_module(module_str)
             ^^^^^^^^^^^^^^^^^^^^^^^^^^^^^^^^^^^
  File "/home/ubuntu/.local/share/uv/python/cpython-3.12.13-linux-x86_64-gnu/lib/python3.12/importlib/__init__.py", line 90, in import_module
    return _bootstrap._gcd_import(name[level:], package, level)
           ^^^^^^^^^^^^^^^^^^^^^^^^^^^^^^^^^^^^^^^^^^^^^^^^^^^^
  File "<frozen importlib._bootstrap>", line 1387, in _gcd_import
  File "<frozen importlib._bootstrap>", line 1360, in _find_and_load
  File "<frozen importlib._bootstrap>", line 1331, in _find_and_load_unlocked
  File "<frozen importlib._bootstrap>", line 935, in _load_unlocked
  File "<frozen importlib._bootstrap_external>", line 999, in exec_module
  File "<frozen importlib._bootstrap>", line 488, in _call_with_frames_removed
  File "/home/ubuntu/MSBrossAI/apps/jartosdto/server/app/main.py", line 12, in <module>
    from app.api.router import api_router
  File "/home/ubuntu/MSBrossAI/apps/jartosdto/server/app/api/router.py", line 341, in <module>
    @api_router.post("/documents/upload")
     ^^^^^^^^^^^^^^^^^^^^^^^^^^^^^^^^^^^^
  File "/home/ubuntu/MSBrossAI/apps/jartosdto/server/.venv/lib/python3.12/site-packages/fastapi/routing.py", line 2953, in decorator
    self.add_api_route(
  File "/home/ubuntu/MSBrossAI/apps/jartosdto/server/.venv/lib/python3.12/site-packages/fastapi/routing.py", line 2888, in add_api_route
    route = route_class(
            ^^^^^^^^^^^^
  File "/home/ubuntu/MSBrossAI/apps/jartosdto/server/.venv/lib/python3.12/site-packages/fastapi/routing.py", line 1178, in __init__
    _populate_api_route_state(
  File "/home/ubuntu/MSBrossAI/apps/jartosdto/server/.venv/lib/python3.12/site-packages/fastapi/routing.py", line 1088, in _populate_api_route_state
    ) = _build_dependant_with_parameterless_dependencies(
        ^^^^^^^^^^^^^^^^^^^^^^^^^^^^^^^^^^^^^^^^^^^^^^^^^
  File "/home/ubuntu/MSBrossAI/apps/jartosdto/server/.venv/lib/python3.12/site-packages/fastapi/routing.py", line 845, in _build_dependant_with_parameterless_dependencies
    dependant = get_dependant(path=path, call=call, scope="function")
                ^^^^^^^^^^^^^^^^^^^^^^^^^^^^^^^^^^^^^^^^^^^^^^^^^^^^^
  File "/home/ubuntu/MSBrossAI/apps/jartosdto/server/.venv/lib/python3.12/site-packages/fastapi/dependencies/utils.py", line 311, in get_dependant
    param_details = analyze_param(
                    ^^^^^^^^^^^^^^
  File "/home/ubuntu/MSBrossAI/apps/jartosdto/server/.venv/lib/python3.12/site-packages/fastapi/dependencies/utils.py", line 535, in analyze_param
    ensure_multipart_is_installed()
  File "/home/ubuntu/MSBrossAI/apps/jartosdto/server/.venv/lib/python3.12/site-packages/fastapi/dependencies/utils.py", line 120, in ensure_multipart_is_installed
    raise RuntimeError(multipart_not_installed_error) from None
RuntimeError: Form data requires "python-multipart" to be installed. 
You can install "python-multipart" with: 

pip install python-multipart

Form data requires "python-multipart" to be installed. 
You can install "python-multipart" with: 

pip install python-multipart

Traceback (most recent call last):
  File "<frozen runpy>", line 198, in _run_module_as_main
  File "<frozen runpy>", line 88, in _run_code
  File "/home/ubuntu/MSBrossAI/apps/jartosdto/server/.venv/lib/python3.12/site-packages/uvicorn/__main__.py", line 4, in <module>
    uvicorn.main()
  File "/home/ubuntu/MSBrossAI/apps/jartosdto/server/.venv/lib/python3.12/site-packages/click/core.py", line 1569, in __call__
    return self.main(*args, **kwargs)
           ^^^^^^^^^^^^^^^^^^^^^^^^^^
  File "/home/ubuntu/MSBrossAI/apps/jartosdto/server/.venv/lib/python3.12/site-packages/click/core.py", line 1490, in main
    rv = self.invoke(ctx)
         ^^^^^^^^^^^^^^^^
  File "/home/ubuntu/MSBrossAI/apps/jartosdto/server/.venv/lib/python3.12/site-packages/click/core.py", line 1353, in invoke
    return ctx.invoke(self.callback, **ctx.params)
           ^^^^^^^^^^^^^^^^^^^^^^^^^^^^^^^^^^^^^^^
  File "/home/ubuntu/MSBrossAI/apps/jartosdto/server/.venv/lib/python3.12/site-packages/click/core.py", line 907, in invoke
    return callback(*args, **kwargs)
           ^^^^^^^^^^^^^^^^^^^^^^^^^
  File "/home/ubuntu/MSBrossAI/apps/jartosdto/server/.venv/lib/python3.12/site-packages/uvicorn/main.py", line 441, in main
    run(
  File "/home/ubuntu/MSBrossAI/apps/jartosdto/server/.venv/lib/python3.12/site-packages/uvicorn/main.py", line 609, in run
    config.load_app()
  File "/home/ubuntu/MSBrossAI/apps/jartosdto/server/.venv/lib/python3.12/site-packages/uvicorn/config.py", line 415, in load_app
    return import_from_string(self.app)
           ^^^^^^^^^^^^^^^^^^^^^^^^^^^^
  File "/home/ubuntu/MSBrossAI/apps/jartosdto/server/.venv/lib/python3.12/site-packages/uvicorn/importer.py", line 19, in import_from_string
    module = importlib.import_module(module_str)
             ^^^^^^^^^^^^^^^^^^^^^^^^^^^^^^^^^^^
  File "/home/ubuntu/.local/share/uv/python/cpython-3.12.13-linux-x86_64-gnu/lib/python3.12/importlib/__init__.py", line 90, in import_module
    return _bootstrap._gcd_import(name[level:], package, level)
           ^^^^^^^^^^^^^^^^^^^^^^^^^^^^^^^^^^^^^^^^^^^^^^^^^^^^
  File "<frozen importlib._bootstrap>", line 1387, in _gcd_import
  File "<frozen importlib._bootstrap>", line 1360, in _find_and_load
  File "<frozen importlib._bootstrap>", line 1331, in _find_and_load_unlocked
  File "<frozen importlib._bootstrap>", line 935, in _load_unlocked
  File "<frozen importlib._bootstrap_external>", line 999, in exec_module
  File "<frozen importlib._bootstrap>", line 488, in _call_with_frames_removed
  File "/home/ubuntu/MSBrossAI/apps/jartosdto/server/app/main.py", line 12, in <module>
    from app.api.router import api_router
  File "/home/ubuntu/MSBrossAI/apps/jartosdto/server/app/api/router.py", line 341, in <module>
    @api_router.post("/documents/upload")
     ^^^^^^^^^^^^^^^^^^^^^^^^^^^^^^^^^^^^
  File "/home/ubuntu/MSBrossAI/apps/jartosdto/server/.venv/lib/python3.12/site-packages/fastapi/routing.py", line 2953, in decorator
    self.add_api_route(
  File "/home/ubuntu/MSBrossAI/apps/jartosdto/server/.venv/lib/python3.12/site-packages/fastapi/routing.py", line 2888, in add_api_route
    route = route_class(
            ^^^^^^^^^^^^
  File "/home/ubuntu/MSBrossAI/apps/jartosdto/server/.venv/lib/python3.12/site-packages/fastapi/routing.py", line 1178, in __init__
    _populate_api_route_state(
  File "/home/ubuntu/MSBrossAI/apps/jartosdto/server/.venv/lib/python3.12/site-packages/fastapi/routing.py", line 1088, in _populate_api_route_state
    ) = _build_dependant_with_parameterless_dependencies(
        ^^^^^^^^^^^^^^^^^^^^^^^^^^^^^^^^^^^^^^^^^^^^^^^^^
  File "/home/ubuntu/MSBrossAI/apps/jartosdto/server/.venv/lib/python3.12/site-packages/fastapi/routing.py", line 845, in _build_dependant_with_parameterless_dependencies
    dependant = get_dependant(path=path, call=call, scope="function")
                ^^^^^^^^^^^^^^^^^^^^^^^^^^^^^^^^^^^^^^^^^^^^^^^^^^^^^
  File "/home/ubuntu/MSBrossAI/apps/jartosdto/server/.venv/lib/python3.12/site-packages/fastapi/dependencies/utils.py", line 311, in get_dependant
    param_details = analyze_param(
                    ^^^^^^^^^^^^^^
  File "/home/ubuntu/MSBrossAI/apps/jartosdto/server/.venv/lib/python3.12/site-packages/fastapi/dependencies/utils.py", line 535, in analyze_param
    ensure_multipart_is_installed()
  File "/home/ubuntu/MSBrossAI/apps/jartosdto/server/.venv/lib/python3.12/site-packages/fastapi/dependencies/utils.py", line 120, in ensure_multipart_is_installed
    raise RuntimeError(multipart_not_installed_error) from None
RuntimeError: Form data requires "python-multipart" to be installed. 
You can install "python-multipart" with: 

pip install python-multipart

Form data requires "python-multipart" to be installed. 
You can install "python-multipart" with: 

pip install python-multipart

Traceback (most recent call last):
  File "<frozen runpy>", line 198, in _run_module_as_main
  File "<frozen runpy>", line 88, in _run_code
  File "/home/ubuntu/MSBrossAI/apps/jartosdto/server/.venv/lib/python3.12/site-packages/uvicorn/__main__.py", line 4, in <module>
    uvicorn.main()
  File "/home/ubuntu/MSBrossAI/apps/jartosdto/server/.venv/lib/python3.12/site-packages/click/core.py", line 1569, in __call__
    return self.main(*args, **kwargs)
           ^^^^^^^^^^^^^^^^^^^^^^^^^^
  File "/home/ubuntu/MSBrossAI/apps/jartosdto/server/.venv/lib/python3.12/site-packages/click/core.py", line 1490, in main
    rv = self.invoke(ctx)
         ^^^^^^^^^^^^^^^^
  File "/home/ubuntu/MSBrossAI/apps/jartosdto/server/.venv/lib/python3.12/site-packages/click/core.py", line 1353, in invoke
    return ctx.invoke(self.callback, **ctx.params)
           ^^^^^^^^^^^^^^^^^^^^^^^^^^^^^^^^^^^^^^^
  File "/home/ubuntu/MSBrossAI/apps/jartosdto/server/.venv/lib/python3.12/site-packages/click/core.py", line 907, in invoke
    return callback(*args, **kwargs)
           ^^^^^^^^^^^^^^^^^^^^^^^^^
  File "/home/ubuntu/MSBrossAI/apps/jartosdto/server/.venv/lib/python3.12/site-packages/uvicorn/main.py", line 441, in main
    run(
  File "/home/ubuntu/MSBrossAI/apps/jartosdto/server/.venv/lib/python3.12/site-packages/uvicorn/main.py", line 609, in run
    config.load_app()
  File "/home/ubuntu/MSBrossAI/apps/jartosdto/server/.venv/lib/python3.12/site-packages/uvicorn/config.py", line 415, in load_app
    return import_from_string(self.app)
           ^^^^^^^^^^^^^^^^^^^^^^^^^^^^
  File "/home/ubuntu/MSBrossAI/apps/jartosdto/server/.venv/lib/python3.12/site-packages/uvicorn/importer.py", line 19, in import_from_string
    module = importlib.import_module(module_str)
             ^^^^^^^^^^^^^^^^^^^^^^^^^^^^^^^^^^^
  File "/home/ubuntu/.local/share/uv/python/cpython-3.12.13-linux-x86_64-gnu/lib/python3.12/importlib/__init__.py", line 90, in import_module
    return _bootstrap._gcd_import(name[level:], package, level)
           ^^^^^^^^^^^^^^^^^^^^^^^^^^^^^^^^^^^^^^^^^^^^^^^^^^^^
  File "<frozen importlib._bootstrap>", line 1387, in _gcd_import
  File "<frozen importlib._bootstrap>", line 1360, in _find_and_load
  File "<frozen importlib._bootstrap>", line 1331, in _find_and_load_unlocked
  File "<frozen importlib._bootstrap>", line 935, in _load_unlocked
  File "<frozen importlib._bootstrap_external>", line 999, in exec_module
  File "<frozen importlib._bootstrap>", line 488, in _call_with_frames_removed
  File "/home/ubuntu/MSBrossAI/apps/jartosdto/server/app/main.py", line 12, in <module>
    from app.api.router import api_router
  File "/home/ubuntu/MSBrossAI/apps/jartosdto/server/app/api/router.py", line 341, in <module>
    @api_router.post("/documents/upload")
     ^^^^^^^^^^^^^^^^^^^^^^^^^^^^^^^^^^^^
  File "/home/ubuntu/MSBrossAI/apps/jartosdto/server/.venv/lib/python3.12/site-packages/fastapi/routing.py", line 2953, in decorator
    self.add_api_route(
  File "/home/ubuntu/MSBrossAI/apps/jartosdto/server/.venv/lib/python3.12/site-packages/fastapi/routing.py", line 2888, in add_api_route
    route = route_class(
            ^^^^^^^^^^^^
  File "/home/ubuntu/MSBrossAI/apps/jartosdto/server/.venv/lib/python3.12/site-packages/fastapi/routing.py", line 1178, in __init__
    _populate_api_route_state(
  File "/home/ubuntu/MSBrossAI/apps/jartosdto/server/.venv/lib/python3.12/site-packages/fastapi/routing.py", line 1088, in _populate_api_route_state
    ) = _build_dependant_with_parameterless_dependencies(
        ^^^^^^^^^^^^^^^^^^^^^^^^^^^^^^^^^^^^^^^^^^^^^^^^^
  File "/home/ubuntu/MSBrossAI/apps/jartosdto/server/.venv/lib/python3.12/site-packages/fastapi/routing.py", line 845, in _build_dependant_with_parameterless_dependencies
    dependant = get_dependant(path=path, call=call, scope="function")
                ^^^^^^^^^^^^^^^^^^^^^^^^^^^^^^^^^^^^^^^^^^^^^^^^^^^^^
  File "/home/ubuntu/MSBrossAI/apps/jartosdto/server/.venv/lib/python3.12/site-packages/fastapi/dependencies/utils.py", line 311, in get_dependant
    param_details = analyze_param(
                    ^^^^^^^^^^^^^^
  File "/home/ubuntu/MSBrossAI/apps/jartosdto/server/.venv/lib/python3.12/site-packages/fastapi/dependencies/utils.py", line 535, in analyze_param
    ensure_multipart_is_installed()
  File "/home/ubuntu/MSBrossAI/apps/jartosdto/server/.venv/lib/python3.12/site-packages/fastapi/dependencies/utils.py", line 120, in ensure_multipart_is_installed
    raise RuntimeError(multipart_not_installed_error) from None
RuntimeError: Form data requires "python-multipart" to be installed. 
You can install "python-multipart" with: 

pip install python-multipart

Form data requires "python-multipart" to be installed. 
You can install "python-multipart" with: 

pip install python-multipart

Traceback (most recent call last):
  File "<frozen runpy>", line 198, in _run_module_as_main
  File "<frozen runpy>", line 88, in _run_code
  File "/home/ubuntu/MSBrossAI/apps/jartosdto/server/.venv/lib/python3.12/site-packages/uvicorn/__main__.py", line 4, in <module>
    uvicorn.main()
  File "/home/ubuntu/MSBrossAI/apps/jartosdto/server/.venv/lib/python3.12/site-packages/click/core.py", line 1569, in __call__
    return self.main(*args, **kwargs)
           ^^^^^^^^^^^^^^^^^^^^^^^^^^
  File "/home/ubuntu/MSBrossAI/apps/jartosdto/server/.venv/lib/python3.12/site-packages/click/core.py", line 1490, in main
    rv = self.invoke(ctx)
         ^^^^^^^^^^^^^^^^
  File "/home/ubuntu/MSBrossAI/apps/jartosdto/server/.venv/lib/python3.12/site-packages/click/core.py", line 1353, in invoke
    return ctx.invoke(self.callback, **ctx.params)
           ^^^^^^^^^^^^^^^^^^^^^^^^^^^^^^^^^^^^^^^
  File "/home/ubuntu/MSBrossAI/apps/jartosdto/server/.venv/lib/python3.12/site-packages/click/core.py", line 907, in invoke
    return callback(*args, **kwargs)
           ^^^^^^^^^^^^^^^^^^^^^^^^^
  File "/home/ubuntu/MSBrossAI/apps/jartosdto/server/.venv/lib/python3.12/site-packages/uvicorn/main.py", line 441, in main
    run(
  File "/home/ubuntu/MSBrossAI/apps/jartosdto/server/.venv/lib/python3.12/site-packages/uvicorn/main.py", line 609, in run
    config.load_app()
  File "/home/ubuntu/MSBrossAI/apps/jartosdto/server/.venv/lib/python3.12/site-packages/uvicorn/config.py", line 415, in load_app
    return import_from_string(self.app)
           ^^^^^^^^^^^^^^^^^^^^^^^^^^^^
  File "/home/ubuntu/MSBrossAI/apps/jartosdto/server/.venv/lib/python3.12/site-packages/uvicorn/importer.py", line 19, in import_from_string
    module = importlib.import_module(module_str)
             ^^^^^^^^^^^^^^^^^^^^^^^^^^^^^^^^^^^
  File "/home/ubuntu/.local/share/uv/python/cpython-3.12.13-linux-x86_64-gnu/lib/python3.12/importlib/__init__.py", line 90, in import_module
    return _bootstrap._gcd_import(name[level:], package, level)
           ^^^^^^^^^^^^^^^^^^^^^^^^^^^^^^^^^^^^^^^^^^^^^^^^^^^^
  File "<frozen importlib._bootstrap>", line 1387, in _gcd_import
  File "<frozen importlib._bootstrap>", line 1360, in _find_and_load
  File "<frozen importlib._bootstrap>", line 1331, in _find_and_load_unlocked
  File "<frozen importlib._bootstrap>", line 935, in _load_unlocked
  File "<frozen importlib._bootstrap_external>", line 999, in exec_module
  File "<frozen importlib._bootstrap>", line 488, in _call_with_frames_removed
  File "/home/ubuntu/MSBrossAI/apps/jartosdto/server/app/main.py", line 12, in <module>
    from app.api.router import api_router
  File "/home/ubuntu/MSBrossAI/apps/jartosdto/server/app/api/router.py", line 341, in <module>
    @api_router.post("/documents/upload")
     ^^^^^^^^^^^^^^^^^^^^^^^^^^^^^^^^^^^^
  File "/home/ubuntu/MSBrossAI/apps/jartosdto/server/.venv/lib/python3.12/site-packages/fastapi/routing.py", line 2953, in decorator
    self.add_api_route(
  File "/home/ubuntu/MSBrossAI/apps/jartosdto/server/.venv/lib/python3.12/site-packages/fastapi/routing.py", line 2888, in add_api_route
    route = route_class(
            ^^^^^^^^^^^^
  File "/home/ubuntu/MSBrossAI/apps/jartosdto/server/.venv/lib/python3.12/site-packages/fastapi/routing.py", line 1178, in __init__
    _populate_api_route_state(
  File "/home/ubuntu/MSBrossAI/apps/jartosdto/server/.venv/lib/python3.12/site-packages/fastapi/routing.py", line 1088, in _populate_api_route_state
    ) = _build_dependant_with_parameterless_dependencies(
        ^^^^^^^^^^^^^^^^^^^^^^^^^^^^^^^^^^^^^^^^^^^^^^^^^
  File "/home/ubuntu/MSBrossAI/apps/jartosdto/server/.venv/lib/python3.12/site-packages/fastapi/routing.py", line 845, in _build_dependant_with_parameterless_dependencies
    dependant = get_dependant(path=path, call=call, scope="function")
                ^^^^^^^^^^^^^^^^^^^^^^^^^^^^^^^^^^^^^^^^^^^^^^^^^^^^^
  File "/home/ubuntu/MSBrossAI/apps/jartosdto/server/.venv/lib/python3.12/site-packages/fastapi/dependencies/utils.py", line 311, in get_dependant
    param_details = analyze_param(
                    ^^^^^^^^^^^^^^
  File "/home/ubuntu/MSBrossAI/apps/jartosdto/server/.venv/lib/python3.12/site-packages/fastapi/dependencies/utils.py", line 535, in analyze_param
    ensure_multipart_is_installed()
  File "/home/ubuntu/MSBrossAI/apps/jartosdto/server/.venv/lib/python3.12/site-packages/fastapi/dependencies/utils.py", line 120, in ensure_multipart_is_installed
    raise RuntimeError(multipart_not_installed_error) from None
RuntimeError: Form data requires "python-multipart" to be installed. 
You can install "python-multipart" with: 

pip install python-multipart

Form data requires "python-multipart" to be installed. 
You can install "python-multipart" with: 

pip install python-multipart

Traceback (most recent call last):
  File "<frozen runpy>", line 198, in _run_module_as_main
  File "<frozen runpy>", line 88, in _run_code
  File "/home/ubuntu/MSBrossAI/apps/jartosdto/server/.venv/lib/python3.12/site-packages/uvicorn/__main__.py", line 4, in <module>
    uvicorn.main()
  File "/home/ubuntu/MSBrossAI/apps/jartosdto/server/.venv/lib/python3.12/site-packages/click/core.py", line 1569, in __call__
    return self.main(*args, **kwargs)
           ^^^^^^^^^^^^^^^^^^^^^^^^^^
  File "/home/ubuntu/MSBrossAI/apps/jartosdto/server/.venv/lib/python3.12/site-packages/click/core.py", line 1490, in main
    rv = self.invoke(ctx)
         ^^^^^^^^^^^^^^^^
  File "/home/ubuntu/MSBrossAI/apps/jartosdto/server/.venv/lib/python3.12/site-packages/click/core.py", line 1353, in invoke
    return ctx.invoke(self.callback, **ctx.params)
           ^^^^^^^^^^^^^^^^^^^^^^^^^^^^^^^^^^^^^^^
  File "/home/ubuntu/MSBrossAI/apps/jartosdto/server/.venv/lib/python3.12/site-packages/click/core.py", line 907, in invoke
    return callback(*args, **kwargs)
           ^^^^^^^^^^^^^^^^^^^^^^^^^
  File "/home/ubuntu/MSBrossAI/apps/jartosdto/server/.venv/lib/python3.12/site-packages/uvicorn/main.py", line 441, in main
    run(
  File "/home/ubuntu/MSBrossAI/apps/jartosdto/server/.venv/lib/python3.12/site-packages/uvicorn/main.py", line 609, in run
    config.load_app()
  File "/home/ubuntu/MSBrossAI/apps/jartosdto/server/.venv/lib/python3.12/site-packages/uvicorn/config.py", line 415, in load_app
    return import_from_string(self.app)
           ^^^^^^^^^^^^^^^^^^^^^^^^^^^^
  File "/home/ubuntu/MSBrossAI/apps/jartosdto/server/.venv/lib/python3.12/site-packages/uvicorn/importer.py", line 19, in import_from_string
    module = importlib.import_module(module_str)
             ^^^^^^^^^^^^^^^^^^^^^^^^^^^^^^^^^^^
  File "/home/ubuntu/.local/share/uv/python/cpython-3.12.13-linux-x86_64-gnu/lib/python3.12/importlib/__init__.py", line 90, in import_module
    return _bootstrap._gcd_import(name[level:], package, level)
           ^^^^^^^^^^^^^^^^^^^^^^^^^^^^^^^^^^^^^^^^^^^^^^^^^^^^
  File "<frozen importlib._bootstrap>", line 1387, in _gcd_import
  File "<frozen importlib._bootstrap>", line 1360, in _find_and_load
  File "<frozen importlib._bootstrap>", line 1331, in _find_and_load_unlocked
  File "<frozen importlib._bootstrap>", line 935, in _load_unlocked
  File "<frozen importlib._bootstrap_external>", line 999, in exec_module
  File "<frozen importlib._bootstrap>", line 488, in _call_with_frames_removed
  File "/home/ubuntu/MSBrossAI/apps/jartosdto/server/app/main.py", line 12, in <module>
    from app.api.router import api_router
  File "/home/ubuntu/MSBrossAI/apps/jartosdto/server/app/api/router.py", line 341, in <module>
    @api_router.post("/documents/upload")
     ^^^^^^^^^^^^^^^^^^^^^^^^^^^^^^^^^^^^
  File "/home/ubuntu/MSBrossAI/apps/jartosdto/server/.venv/lib/python3.12/site-packages/fastapi/routing.py", line 2953, in decorator
    self.add_api_route(
  File "/home/ubuntu/MSBrossAI/apps/jartosdto/server/.venv/lib/python3.12/site-packages/fastapi/routing.py", line 2888, in add_api_route
    route = route_class(
            ^^^^^^^^^^^^
  File "/home/ubuntu/MSBrossAI/apps/jartosdto/server/.venv/lib/python3.12/site-packages/fastapi/routing.py", line 1178, in __init__
    _populate_api_route_state(
  File "/home/ubuntu/MSBrossAI/apps/jartosdto/server/.venv/lib/python3.12/site-packages/fastapi/routing.py", line 1088, in _populate_api_route_state
    ) = _build_dependant_with_parameterless_dependencies(
        ^^^^^^^^^^^^^^^^^^^^^^^^^^^^^^^^^^^^^^^^^^^^^^^^^
  File "/home/ubuntu/MSBrossAI/apps/jartosdto/server/.venv/lib/python3.12/site-packages/fastapi/routing.py", line 845, in _build_dependant_with_parameterless_dependencies
    dependant = get_dependant(path=path, call=call, scope="function")
                ^^^^^^^^^^^^^^^^^^^^^^^^^^^^^^^^^^^^^^^^^^^^^^^^^^^^^
  File "/home/ubuntu/MSBrossAI/apps/jartosdto/server/.venv/lib/python3.12/site-packages/fastapi/dependencies/utils.py", line 311, in get_dependant
    param_details = analyze_param(
                    ^^^^^^^^^^^^^^
  File "/home/ubuntu/MSBrossAI/apps/jartosdto/server/.venv/lib/python3.12/site-packages/fastapi/dependencies/utils.py", line 535, in analyze_param
    ensure_multipart_is_installed()
  File "/home/ubuntu/MSBrossAI/apps/jartosdto/server/.venv/lib/python3.12/site-packages/fastapi/dependencies/utils.py", line 120, in ensure_multipart_is_installed
    raise RuntimeError(multipart_not_installed_error) from None
RuntimeError: Form data requires "python-multipart" to be installed. 
You can install "python-multipart" with: 

pip install python-multipart

Form data requires "python-multipart" to be installed. 
You can install "python-multipart" with: 

pip install python-multipart

Traceback (most recent call last):
  File "<frozen runpy>", line 198, in _run_module_as_main
  File "<frozen runpy>", line 88, in _run_code
  File "/home/ubuntu/MSBrossAI/apps/jartosdto/server/.venv/lib/python3.12/site-packages/uvicorn/__main__.py", line 4, in <module>
    uvicorn.main()
  File "/home/ubuntu/MSBrossAI/apps/jartosdto/server/.venv/lib/python3.12/site-packages/click/core.py", line 1569, in __call__
    return self.main(*args, **kwargs)
           ^^^^^^^^^^^^^^^^^^^^^^^^^^
  File "/home/ubuntu/MSBrossAI/apps/jartosdto/server/.venv/lib/python3.12/site-packages/click/core.py", line 1490, in main
    rv = self.invoke(ctx)
         ^^^^^^^^^^^^^^^^
  File "/home/ubuntu/MSBrossAI/apps/jartosdto/server/.venv/lib/python3.12/site-packages/click/core.py", line 1353, in invoke
    return ctx.invoke(self.callback, **ctx.params)
           ^^^^^^^^^^^^^^^^^^^^^^^^^^^^^^^^^^^^^^^
  File "/home/ubuntu/MSBrossAI/apps/jartosdto/server/.venv/lib/python3.12/site-packages/click/core.py", line 907, in invoke
    return callback(*args, **kwargs)
           ^^^^^^^^^^^^^^^^^^^^^^^^^
  File "/home/ubuntu/MSBrossAI/apps/jartosdto/server/.venv/lib/python3.12/site-packages/uvicorn/main.py", line 441, in main
    run(
  File "/home/ubuntu/MSBrossAI/apps/jartosdto/server/.venv/lib/python3.12/site-packages/uvicorn/main.py", line 609, in run
    config.load_app()
  File "/home/ubuntu/MSBrossAI/apps/jartosdto/server/.venv/lib/python3.12/site-packages/uvicorn/config.py", line 415, in load_app
    return import_from_string(self.app)
           ^^^^^^^^^^^^^^^^^^^^^^^^^^^^
  File "/home/ubuntu/MSBrossAI/apps/jartosdto/server/.venv/lib/python3.12/site-packages/uvicorn/importer.py", line 19, in import_from_string
    module = importlib.import_module(module_str)
             ^^^^^^^^^^^^^^^^^^^^^^^^^^^^^^^^^^^
  File "/home/ubuntu/.local/share/uv/python/cpython-3.12.13-linux-x86_64-gnu/lib/python3.12/importlib/__init__.py", line 90, in import_module
    return _bootstrap._gcd_import(name[level:], package, level)
           ^^^^^^^^^^^^^^^^^^^^^^^^^^^^^^^^^^^^^^^^^^^^^^^^^^^^
  File "<frozen importlib._bootstrap>", line 1387, in _gcd_import
  File "<frozen importlib._bootstrap>", line 1360, in _find_and_load
  File "<frozen importlib._bootstrap>", line 1331, in _find_and_load_unlocked
  File "<frozen importlib._bootstrap>", line 935, in _load_unlocked
  File "<frozen importlib._bootstrap_external>", line 999, in exec_module
  File "<frozen importlib._bootstrap>", line 488, in _call_with_frames_removed
  File "/home/ubuntu/MSBrossAI/apps/jartosdto/server/app/main.py", line 12, in <module>
    from app.api.router import api_router
  File "/home/ubuntu/MSBrossAI/apps/jartosdto/server/app/api/router.py", line 341, in <module>
    @api_router.post("/documents/upload")
     ^^^^^^^^^^^^^^^^^^^^^^^^^^^^^^^^^^^^
  File "/home/ubuntu/MSBrossAI/apps/jartosdto/server/.venv/lib/python3.12/site-packages/fastapi/routing.py", line 2953, in decorator
    self.add_api_route(
  File "/home/ubuntu/MSBrossAI/apps/jartosdto/server/.venv/lib/python3.12/site-packages/fastapi/routing.py", line 2888, in add_api_route
    route = route_class(
            ^^^^^^^^^^^^
  File "/home/ubuntu/MSBrossAI/apps/jartosdto/server/.venv/lib/python3.12/site-packages/fastapi/routing.py", line 1178, in __init__
    _populate_api_route_state(
  File "/home/ubuntu/MSBrossAI/apps/jartosdto/server/.venv/lib/python3.12/site-packages/fastapi/routing.py", line 1088, in _populate_api_route_state
    ) = _build_dependant_with_parameterless_dependencies(
        ^^^^^^^^^^^^^^^^^^^^^^^^^^^^^^^^^^^^^^^^^^^^^^^^^
  File "/home/ubuntu/MSBrossAI/apps/jartosdto/server/.venv/lib/python3.12/site-packages/fastapi/routing.py", line 845, in _build_dependant_with_parameterless_dependencies
    dependant = get_dependant(path=path, call=call, scope="function")
                ^^^^^^^^^^^^^^^^^^^^^^^^^^^^^^^^^^^^^^^^^^^^^^^^^^^^^
  File "/home/ubuntu/MSBrossAI/apps/jartosdto/server/.venv/lib/python3.12/site-packages/fastapi/dependencies/utils.py", line 311, in get_dependant
    param_details = analyze_param(
                    ^^^^^^^^^^^^^^
  File "/home/ubuntu/MSBrossAI/apps/jartosdto/server/.venv/lib/python3.12/site-packages/fastapi/dependencies/utils.py", line 535, in analyze_param
    ensure_multipart_is_installed()
  File "/home/ubuntu/MSBrossAI/apps/jartosdto/server/.venv/lib/python3.12/site-packages/fastapi/dependencies/utils.py", line 120, in ensure_multipart_is_installed
    raise RuntimeError(multipart_not_installed_error) from None
RuntimeError: Form data requires "python-multipart" to be installed. 
You can install "python-multipart" with: 

pip install python-multipart

Form data requires "python-multipart" to be installed. 
You can install "python-multipart" with: 

pip install python-multipart

Traceback (most recent call last):
  File "<frozen runpy>", line 198, in _run_module_as_main
  File "<frozen runpy>", line 88, in _run_code
  File "/home/ubuntu/MSBrossAI/apps/jartosdto/server/.venv/lib/python3.12/site-packages/uvicorn/__main__.py", line 4, in <module>
    uvicorn.main()
  File "/home/ubuntu/MSBrossAI/apps/jartosdto/server/.venv/lib/python3.12/site-packages/click/core.py", line 1569, in __call__
    return self.main(*args, **kwargs)
           ^^^^^^^^^^^^^^^^^^^^^^^^^^
  File "/home/ubuntu/MSBrossAI/apps/jartosdto/server/.venv/lib/python3.12/site-packages/click/core.py", line 1490, in main
    rv = self.invoke(ctx)
         ^^^^^^^^^^^^^^^^
  File "/home/ubuntu/MSBrossAI/apps/jartosdto/server/.venv/lib/python3.12/site-packages/click/core.py", line 1353, in invoke
    return ctx.invoke(self.callback, **ctx.params)
           ^^^^^^^^^^^^^^^^^^^^^^^^^^^^^^^^^^^^^^^
  File "/home/ubuntu/MSBrossAI/apps/jartosdto/server/.venv/lib/python3.12/site-packages/click/core.py", line 907, in invoke
    return callback(*args, **kwargs)
           ^^^^^^^^^^^^^^^^^^^^^^^^^
  File "/home/ubuntu/MSBrossAI/apps/jartosdto/server/.venv/lib/python3.12/site-packages/uvicorn/main.py", line 441, in main
    run(
  File "/home/ubuntu/MSBrossAI/apps/jartosdto/server/.venv/lib/python3.12/site-packages/uvicorn/main.py", line 609, in run
    config.load_app()
  File "/home/ubuntu/MSBrossAI/apps/jartosdto/server/.venv/lib/python3.12/site-packages/uvicorn/config.py", line 415, in load_app
    return import_from_string(self.app)
           ^^^^^^^^^^^^^^^^^^^^^^^^^^^^
  File "/home/ubuntu/MSBrossAI/apps/jartosdto/server/.venv/lib/python3.12/site-packages/uvicorn/importer.py", line 19, in import_from_string
    module = importlib.import_module(module_str)
             ^^^^^^^^^^^^^^^^^^^^^^^^^^^^^^^^^^^
  File "/home/ubuntu/.local/share/uv/python/cpython-3.12.13-linux-x86_64-gnu/lib/python3.12/importlib/__init__.py", line 90, in import_module
    return _bootstrap._gcd_import(name[level:], package, level)
           ^^^^^^^^^^^^^^^^^^^^^^^^^^^^^^^^^^^^^^^^^^^^^^^^^^^^
  File "<frozen importlib._bootstrap>", line 1387, in _gcd_import
  File "<frozen importlib._bootstrap>", line 1360, in _find_and_load
  File "<frozen importlib._bootstrap>", line 1331, in _find_and_load_unlocked
  File "<frozen importlib._bootstrap>", line 935, in _load_unlocked
  File "<frozen importlib._bootstrap_external>", line 999, in exec_module
  File "<frozen importlib._bootstrap>", line 488, in _call_with_frames_removed
  File "/home/ubuntu/MSBrossAI/apps/jartosdto/server/app/main.py", line 12, in <module>
    from app.api.router import api_router
  File "/home/ubuntu/MSBrossAI/apps/jartosdto/server/app/api/router.py", line 341, in <module>
    @api_router.post("/documents/upload")
     ^^^^^^^^^^^^^^^^^^^^^^^^^^^^^^^^^^^^
  File "/home/ubuntu/MSBrossAI/apps/jartosdto/server/.venv/lib/python3.12/site-packages/fastapi/routing.py", line 2953, in decorator
    self.add_api_route(
  File "/home/ubuntu/MSBrossAI/apps/jartosdto/server/.venv/lib/python3.12/site-packages/fastapi/routing.py", line 2888, in add_api_route
    route = route_class(
            ^^^^^^^^^^^^
  File "/home/ubuntu/MSBrossAI/apps/jartosdto/server/.venv/lib/python3.12/site-packages/fastapi/routing.py", line 1178, in __init__
    _populate_api_route_state(
  File "/home/ubuntu/MSBrossAI/apps/jartosdto/server/.venv/lib/python3.12/site-packages/fastapi/routing.py", line 1088, in _populate_api_route_state
    ) = _build_dependant_with_parameterless_dependencies(
        ^^^^^^^^^^^^^^^^^^^^^^^^^^^^^^^^^^^^^^^^^^^^^^^^^
  File "/home/ubuntu/MSBrossAI/apps/jartosdto/server/.venv/lib/python3.12/site-packages/fastapi/routing.py", line 845, in _build_dependant_with_parameterless_dependencies
    dependant = get_dependant(path=path, call=call, scope="function")
                ^^^^^^^^^^^^^^^^^^^^^^^^^^^^^^^^^^^^^^^^^^^^^^^^^^^^^
  File "/home/ubuntu/MSBrossAI/apps/jartosdto/server/.venv/lib/python3.12/site-packages/fastapi/dependencies/utils.py", line 311, in get_dependant
    param_details = analyze_param(
                    ^^^^^^^^^^^^^^
  File "/home/ubuntu/MSBrossAI/apps/jartosdto/server/.venv/lib/python3.12/site-packages/fastapi/dependencies/utils.py", line 535, in analyze_param
    ensure_multipart_is_installed()
  File "/home/ubuntu/MSBrossAI/apps/jartosdto/server/.venv/lib/python3.12/site-packages/fastapi/dependencies/utils.py", line 120, in ensure_multipart_is_installed
    raise RuntimeError(multipart_not_installed_error) from None
RuntimeError: Form data requires "python-multipart" to be installed. 
You can install "python-multipart" with: 

pip install python-multipart

Form data requires "python-multipart" to be installed. 
You can install "python-multipart" with: 

pip install python-multipart

Traceback (most recent call last):
  File "<frozen runpy>", line 198, in _run_module_as_main
  File "<frozen runpy>", line 88, in _run_code
  File "/home/ubuntu/MSBrossAI/apps/jartosdto/server/.venv/lib/python3.12/site-packages/uvicorn/__main__.py", line 4, in <module>
    uvicorn.main()
  File "/home/ubuntu/MSBrossAI/apps/jartosdto/server/.venv/lib/python3.12/site-packages/click/core.py", line 1569, in __call__
    return self.main(*args, **kwargs)
           ^^^^^^^^^^^^^^^^^^^^^^^^^^
  File "/home/ubuntu/MSBrossAI/apps/jartosdto/server/.venv/lib/python3.12/site-packages/click/core.py", line 1490, in main
    rv = self.invoke(ctx)
         ^^^^^^^^^^^^^^^^
  File "/home/ubuntu/MSBrossAI/apps/jartosdto/server/.venv/lib/python3.12/site-packages/click/core.py", line 1353, in invoke
    return ctx.invoke(self.callback, **ctx.params)
           ^^^^^^^^^^^^^^^^^^^^^^^^^^^^^^^^^^^^^^^
  File "/home/ubuntu/MSBrossAI/apps/jartosdto/server/.venv/lib/python3.12/site-packages/click/core.py", line 907, in invoke
    return callback(*args, **kwargs)
           ^^^^^^^^^^^^^^^^^^^^^^^^^
  File "/home/ubuntu/MSBrossAI/apps/jartosdto/server/.venv/lib/python3.12/site-packages/uvicorn/main.py", line 441, in main
    run(
  File "/home/ubuntu/MSBrossAI/apps/jartosdto/server/.venv/lib/python3.12/site-packages/uvicorn/main.py", line 609, in run
    config.load_app()
  File "/home/ubuntu/MSBrossAI/apps/jartosdto/server/.venv/lib/python3.12/site-packages/uvicorn/config.py", line 415, in load_app
    return import_from_string(self.app)
           ^^^^^^^^^^^^^^^^^^^^^^^^^^^^
  File "/home/ubuntu/MSBrossAI/apps/jartosdto/server/.venv/lib/python3.12/site-packages/uvicorn/importer.py", line 19, in import_from_string
    module = importlib.import_module(module_str)
             ^^^^^^^^^^^^^^^^^^^^^^^^^^^^^^^^^^^
  File "/home/ubuntu/.local/share/uv/python/cpython-3.12.13-linux-x86_64-gnu/lib/python3.12/importlib/__init__.py", line 90, in import_module
    return _bootstrap._gcd_import(name[level:], package, level)
           ^^^^^^^^^^^^^^^^^^^^^^^^^^^^^^^^^^^^^^^^^^^^^^^^^^^^
  File "<frozen importlib._bootstrap>", line 1387, in _gcd_import
  File "<frozen importlib._bootstrap>", line 1360, in _find_and_load
  File "<frozen importlib._bootstrap>", line 1331, in _find_and_load_unlocked
  File "<frozen importlib._bootstrap>", line 935, in _load_unlocked
  File "<frozen importlib._bootstrap_external>", line 999, in exec_module
  File "<frozen importlib._bootstrap>", line 488, in _call_with_frames_removed
  File "/home/ubuntu/MSBrossAI/apps/jartosdto/server/app/main.py", line 12, in <module>
    from app.api.router import api_router
  File "/home/ubuntu/MSBrossAI/apps/jartosdto/server/app/api/router.py", line 341, in <module>
    @api_router.post("/documents/upload")
     ^^^^^^^^^^^^^^^^^^^^^^^^^^^^^^^^^^^^
  File "/home/ubuntu/MSBrossAI/apps/jartosdto/server/.venv/lib/python3.12/site-packages/fastapi/routing.py", line 2953, in decorator
    self.add_api_route(
  File "/home/ubuntu/MSBrossAI/apps/jartosdto/server/.venv/lib/python3.12/site-packages/fastapi/routing.py", line 2888, in add_api_route
    route = route_class(
            ^^^^^^^^^^^^
  File "/home/ubuntu/MSBrossAI/apps/jartosdto/server/.venv/lib/python3.12/site-packages/fastapi/routing.py", line 1178, in __init__
    _populate_api_route_state(
  File "/home/ubuntu/MSBrossAI/apps/jartosdto/server/.venv/lib/python3.12/site-packages/fastapi/routing.py", line 1088, in _populate_api_route_state
    ) = _build_dependant_with_parameterless_dependencies(
        ^^^^^^^^^^^^^^^^^^^^^^^^^^^^^^^^^^^^^^^^^^^^^^^^^
  File "/home/ubuntu/MSBrossAI/apps/jartosdto/server/.venv/lib/python3.12/site-packages/fastapi/routing.py", line 845, in _build_dependant_with_parameterless_dependencies
    dependant = get_dependant(path=path, call=call, scope="function")
                ^^^^^^^^^^^^^^^^^^^^^^^^^^^^^^^^^^^^^^^^^^^^^^^^^^^^^
  File "/home/ubuntu/MSBrossAI/apps/jartosdto/server/.venv/lib/python3.12/site-packages/fastapi/dependencies/utils.py", line 311, in get_dependant
    param_details = analyze_param(
                    ^^^^^^^^^^^^^^
  File "/home/ubuntu/MSBrossAI/apps/jartosdto/server/.venv/lib/python3.12/site-packages/fastapi/dependencies/utils.py", line 535, in analyze_param
    ensure_multipart_is_installed()
  File "/home/ubuntu/MSBrossAI/apps/jartosdto/server/.venv/lib/python3.12/site-packages/fastapi/dependencies/utils.py", line 120, in ensure_multipart_is_installed
    raise RuntimeError(multipart_not_installed_error) from None
RuntimeError: Form data requires "python-multipart" to be installed. 
You can install "python-multipart" with: 

pip install python-multipart

Form data requires "python-multipart" to be installed. 
You can install "python-multipart" with: 

pip install python-multipart

Traceback (most recent call last):
  File "<frozen runpy>", line 198, in _run_module_as_main
  File "<frozen runpy>", line 88, in _run_code
  File "/home/ubuntu/MSBrossAI/apps/jartosdto/server/.venv/lib/python3.12/site-packages/uvicorn/__main__.py", line 4, in <module>
    uvicorn.main()
  File "/home/ubuntu/MSBrossAI/apps/jartosdto/server/.venv/lib/python3.12/site-packages/click/core.py", line 1569, in __call__
    return self.main(*args, **kwargs)
           ^^^^^^^^^^^^^^^^^^^^^^^^^^
  File "/home/ubuntu/MSBrossAI/apps/jartosdto/server/.venv/lib/python3.12/site-packages/click/core.py", line 1490, in main
    rv = self.invoke(ctx)
         ^^^^^^^^^^^^^^^^
  File "/home/ubuntu/MSBrossAI/apps/jartosdto/server/.venv/lib/python3.12/site-packages/click/core.py", line 1353, in invoke
    return ctx.invoke(self.callback, **ctx.params)
           ^^^^^^^^^^^^^^^^^^^^^^^^^^^^^^^^^^^^^^^
  File "/home/ubuntu/MSBrossAI/apps/jartosdto/server/.venv/lib/python3.12/site-packages/click/core.py", line 907, in invoke
    return callback(*args, **kwargs)
           ^^^^^^^^^^^^^^^^^^^^^^^^^
  File "/home/ubuntu/MSBrossAI/apps/jartosdto/server/.venv/lib/python3.12/site-packages/uvicorn/main.py", line 441, in main
    run(
  File "/home/ubuntu/MSBrossAI/apps/jartosdto/server/.venv/lib/python3.12/site-packages/uvicorn/main.py", line 609, in run
    config.load_app()
  File "/home/ubuntu/MSBrossAI/apps/jartosdto/server/.venv/lib/python3.12/site-packages/uvicorn/config.py", line 415, in load_app
    return import_from_string(self.app)
           ^^^^^^^^^^^^^^^^^^^^^^^^^^^^
  File "/home/ubuntu/MSBrossAI/apps/jartosdto/server/.venv/lib/python3.12/site-packages/uvicorn/importer.py", line 19, in import_from_string
    module = importlib.import_module(module_str)
             ^^^^^^^^^^^^^^^^^^^^^^^^^^^^^^^^^^^
  File "/home/ubuntu/.local/share/uv/python/cpython-3.12.13-linux-x86_64-gnu/lib/python3.12/importlib/__init__.py", line 90, in import_module
    return _bootstrap._gcd_import(name[level:], package, level)
           ^^^^^^^^^^^^^^^^^^^^^^^^^^^^^^^^^^^^^^^^^^^^^^^^^^^^
  File "<frozen importlib._bootstrap>", line 1387, in _gcd_import
  File "<frozen importlib._bootstrap>", line 1360, in _find_and_load
  File "<frozen importlib._bootstrap>", line 1331, in _find_and_load_unlocked
  File "<frozen importlib._bootstrap>", line 935, in _load_unlocked
  File "<frozen importlib._bootstrap_external>", line 999, in exec_module
  File "<frozen importlib._bootstrap>", line 488, in _call_with_frames_removed
  File "/home/ubuntu/MSBrossAI/apps/jartosdto/server/app/main.py", line 12, in <module>
    from app.api.router import api_router
  File "/home/ubuntu/MSBrossAI/apps/jartosdto/server/app/api/router.py", line 341, in <module>
    @api_router.post("/documents/upload")
     ^^^^^^^^^^^^^^^^^^^^^^^^^^^^^^^^^^^^
  File "/home/ubuntu/MSBrossAI/apps/jartosdto/server/.venv/lib/python3.12/site-packages/fastapi/routing.py", line 2953, in decorator
    self.add_api_route(
  File "/home/ubuntu/MSBrossAI/apps/jartosdto/server/.venv/lib/python3.12/site-packages/fastapi/routing.py", line 2888, in add_api_route
    route = route_class(
            ^^^^^^^^^^^^
  File "/home/ubuntu/MSBrossAI/apps/jartosdto/server/.venv/lib/python3.12/site-packages/fastapi/routing.py", line 1178, in __init__
    _populate_api_route_state(
  File "/home/ubuntu/MSBrossAI/apps/jartosdto/server/.venv/lib/python3.12/site-packages/fastapi/routing.py", line 1088, in _populate_api_route_state
    ) = _build_dependant_with_parameterless_dependencies(
        ^^^^^^^^^^^^^^^^^^^^^^^^^^^^^^^^^^^^^^^^^^^^^^^^^
  File "/home/ubuntu/MSBrossAI/apps/jartosdto/server/.venv/lib/python3.12/site-packages/fastapi/routing.py", line 845, in _build_dependant_with_parameterless_dependencies
    dependant = get_dependant(path=path, call=call, scope="function")
                ^^^^^^^^^^^^^^^^^^^^^^^^^^^^^^^^^^^^^^^^^^^^^^^^^^^^^
  File "/home/ubuntu/MSBrossAI/apps/jartosdto/server/.venv/lib/python3.12/site-packages/fastapi/dependencies/utils.py", line 311, in get_dependant
    param_details = analyze_param(
                    ^^^^^^^^^^^^^^
  File "/home/ubuntu/MSBrossAI/apps/jartosdto/server/.venv/lib/python3.12/site-packages/fastapi/dependencies/utils.py", line 535, in analyze_param
    ensure_multipart_is_installed()
  File "/home/ubuntu/MSBrossAI/apps/jartosdto/server/.venv/lib/python3.12/site-packages/fastapi/dependencies/utils.py", line 120, in ensure_multipart_is_installed
    raise RuntimeError(multipart_not_installed_error) from None
RuntimeError: Form data requires "python-multipart" to be installed. 
You can install "python-multipart" with: 

pip install python-multipart

Form data requires "python-multipart" to be installed. 
You can install "python-multipart" with: 

pip install python-multipart

Traceback (most recent call last):
  File "<frozen runpy>", line 198, in _run_module_as_main
  File "<frozen runpy>", line 88, in _run_code
  File "/home/ubuntu/MSBrossAI/apps/jartosdto/server/.venv/lib/python3.12/site-packages/uvicorn/__main__.py", line 4, in <module>
    uvicorn.main()
  File "/home/ubuntu/MSBrossAI/apps/jartosdto/server/.venv/lib/python3.12/site-packages/click/core.py", line 1569, in __call__
    return self.main(*args, **kwargs)
           ^^^^^^^^^^^^^^^^^^^^^^^^^^
  File "/home/ubuntu/MSBrossAI/apps/jartosdto/server/.venv/lib/python3.12/site-packages/click/core.py", line 1490, in main
    rv = self.invoke(ctx)
         ^^^^^^^^^^^^^^^^
  File "/home/ubuntu/MSBrossAI/apps/jartosdto/server/.venv/lib/python3.12/site-packages/click/core.py", line 1353, in invoke
    return ctx.invoke(self.callback, **ctx.params)
           ^^^^^^^^^^^^^^^^^^^^^^^^^^^^^^^^^^^^^^^
  File "/home/ubuntu/MSBrossAI/apps/jartosdto/server/.venv/lib/python3.12/site-packages/click/core.py", line 907, in invoke
    return callback(*args, **kwargs)
           ^^^^^^^^^^^^^^^^^^^^^^^^^
  File "/home/ubuntu/MSBrossAI/apps/jartosdto/server/.venv/lib/python3.12/site-packages/uvicorn/main.py", line 441, in main
    run(
  File "/home/ubuntu/MSBrossAI/apps/jartosdto/server/.venv/lib/python3.12/site-packages/uvicorn/main.py", line 609, in run
    config.load_app()
  File "/home/ubuntu/MSBrossAI/apps/jartosdto/server/.venv/lib/python3.12/site-packages/uvicorn/config.py", line 415, in load_app
    return import_from_string(self.app)
           ^^^^^^^^^^^^^^^^^^^^^^^^^^^^
  File "/home/ubuntu/MSBrossAI/apps/jartosdto/server/.venv/lib/python3.12/site-packages/uvicorn/importer.py", line 19, in import_from_string
    module = importlib.import_module(module_str)
             ^^^^^^^^^^^^^^^^^^^^^^^^^^^^^^^^^^^
  File "/home/ubuntu/.local/share/uv/python/cpython-3.12.13-linux-x86_64-gnu/lib/python3.12/importlib/__init__.py", line 90, in import_module
    return _bootstrap._gcd_import(name[level:], package, level)
           ^^^^^^^^^^^^^^^^^^^^^^^^^^^^^^^^^^^^^^^^^^^^^^^^^^^^
  File "<frozen importlib._bootstrap>", line 1387, in _gcd_import
  File "<frozen importlib._bootstrap>", line 1360, in _find_and_load
  File "<frozen importlib._bootstrap>", line 1331, in _find_and_load_unlocked
  File "<frozen importlib._bootstrap>", line 935, in _load_unlocked
  File "<frozen importlib._bootstrap_external>", line 999, in exec_module
  File "<frozen importlib._bootstrap>", line 488, in _call_with_frames_removed
  File "/home/ubuntu/MSBrossAI/apps/jartosdto/server/app/main.py", line 12, in <module>
    from app.api.router import api_router
  File "/home/ubuntu/MSBrossAI/apps/jartosdto/server/app/api/router.py", line 341, in <module>
    @api_router.post("/documents/upload")
     ^^^^^^^^^^^^^^^^^^^^^^^^^^^^^^^^^^^^
  File "/home/ubuntu/MSBrossAI/apps/jartosdto/server/.venv/lib/python3.12/site-packages/fastapi/routing.py", line 2953, in decorator
    self.add_api_route(
  File "/home/ubuntu/MSBrossAI/apps/jartosdto/server/.venv/lib/python3.12/site-packages/fastapi/routing.py", line 2888, in add_api_route
    route = route_class(
            ^^^^^^^^^^^^
  File "/home/ubuntu/MSBrossAI/apps/jartosdto/server/.venv/lib/python3.12/site-packages/fastapi/routing.py", line 1178, in __init__
    _populate_api_route_state(
  File "/home/ubuntu/MSBrossAI/apps/jartosdto/server/.venv/lib/python3.12/site-packages/fastapi/routing.py", line 1088, in _populate_api_route_state
    ) = _build_dependant_with_parameterless_dependencies(
        ^^^^^^^^^^^^^^^^^^^^^^^^^^^^^^^^^^^^^^^^^^^^^^^^^
  File "/home/ubuntu/MSBrossAI/apps/jartosdto/server/.venv/lib/python3.12/site-packages/fastapi/routing.py", line 845, in _build_dependant_with_parameterless_dependencies
    dependant = get_dependant(path=path, call=call, scope="function")
                ^^^^^^^^^^^^^^^^^^^^^^^^^^^^^^^^^^^^^^^^^^^^^^^^^^^^^
  File "/home/ubuntu/MSBrossAI/apps/jartosdto/server/.venv/lib/python3.12/site-packages/fastapi/dependencies/utils.py", line 311, in get_dependant
    param_details = analyze_param(
                    ^^^^^^^^^^^^^^
  File "/home/ubuntu/MSBrossAI/apps/jartosdto/server/.venv/lib/python3.12/site-packages/fastapi/dependencies/utils.py", line 535, in analyze_param
    ensure_multipart_is_installed()
  File "/home/ubuntu/MSBrossAI/apps/jartosdto/server/.venv/lib/python3.12/site-packages/fastapi/dependencies/utils.py", line 120, in ensure_multipart_is_installed
    raise RuntimeError(multipart_not_installed_error) from None
RuntimeError: Form data requires "python-multipart" to be installed. 
You can install "python-multipart" with: 

pip install python-multipart

Form data requires "python-multipart" to be installed. 
You can install "python-multipart" with: 

pip install python-multipart

Traceback (most recent call last):
  File "<frozen runpy>", line 198, in _run_module_as_main
  File "<frozen runpy>", line 88, in _run_code
  File "/home/ubuntu/MSBrossAI/apps/jartosdto/server/.venv/lib/python3.12/site-packages/uvicorn/__main__.py", line 4, in <module>
    uvicorn.main()
  File "/home/ubuntu/MSBrossAI/apps/jartosdto/server/.venv/lib/python3.12/site-packages/click/core.py", line 1569, in __call__
    return self.main(*args, **kwargs)
           ^^^^^^^^^^^^^^^^^^^^^^^^^^
  File "/home/ubuntu/MSBrossAI/apps/jartosdto/server/.venv/lib/python3.12/site-packages/click/core.py", line 1490, in main
    rv = self.invoke(ctx)
         ^^^^^^^^^^^^^^^^
  File "/home/ubuntu/MSBrossAI/apps/jartosdto/server/.venv/lib/python3.12/site-packages/click/core.py", line 1353, in invoke
    return ctx.invoke(self.callback, **ctx.params)
           ^^^^^^^^^^^^^^^^^^^^^^^^^^^^^^^^^^^^^^^
  File "/home/ubuntu/MSBrossAI/apps/jartosdto/server/.venv/lib/python3.12/site-packages/click/core.py", line 907, in invoke
    return callback(*args, **kwargs)
           ^^^^^^^^^^^^^^^^^^^^^^^^^
  File "/home/ubuntu/MSBrossAI/apps/jartosdto/server/.venv/lib/python3.12/site-packages/uvicorn/main.py", line 441, in main
    run(
  File "/home/ubuntu/MSBrossAI/apps/jartosdto/server/.venv/lib/python3.12/site-packages/uvicorn/main.py", line 609, in run
    config.load_app()
  File "/home/ubuntu/MSBrossAI/apps/jartosdto/server/.venv/lib/python3.12/site-packages/uvicorn/config.py", line 415, in load_app
    return import_from_string(self.app)
           ^^^^^^^^^^^^^^^^^^^^^^^^^^^^
  File "/home/ubuntu/MSBrossAI/apps/jartosdto/server/.venv/lib/python3.12/site-packages/uvicorn/importer.py", line 19, in import_from_string
    module = importlib.import_module(module_str)
             ^^^^^^^^^^^^^^^^^^^^^^^^^^^^^^^^^^^
  File "/home/ubuntu/.local/share/uv/python/cpython-3.12.13-linux-x86_64-gnu/lib/python3.12/importlib/__init__.py", line 90, in import_module
    return _bootstrap._gcd_import(name[level:], package, level)
           ^^^^^^^^^^^^^^^^^^^^^^^^^^^^^^^^^^^^^^^^^^^^^^^^^^^^
  File "<frozen importlib._bootstrap>", line 1387, in _gcd_import
  File "<frozen importlib._bootstrap>", line 1360, in _find_and_load
  File "<frozen importlib._bootstrap>", line 1331, in _find_and_load_unlocked
  File "<frozen importlib._bootstrap>", line 935, in _load_unlocked
  File "<frozen importlib._bootstrap_external>", line 999, in exec_module
  File "<frozen importlib._bootstrap>", line 488, in _call_with_frames_removed
  File "/home/ubuntu/MSBrossAI/apps/jartosdto/server/app/main.py", line 12, in <module>
    from app.api.router import api_router
  File "/home/ubuntu/MSBrossAI/apps/jartosdto/server/app/api/router.py", line 341, in <module>
    @api_router.post("/documents/upload")
     ^^^^^^^^^^^^^^^^^^^^^^^^^^^^^^^^^^^^
  File "/home/ubuntu/MSBrossAI/apps/jartosdto/server/.venv/lib/python3.12/site-packages/fastapi/routing.py", line 2953, in decorator
    self.add_api_route(
  File "/home/ubuntu/MSBrossAI/apps/jartosdto/server/.venv/lib/python3.12/site-packages/fastapi/routing.py", line 2888, in add_api_route
    route = route_class(
            ^^^^^^^^^^^^
  File "/home/ubuntu/MSBrossAI/apps/jartosdto/server/.venv/lib/python3.12/site-packages/fastapi/routing.py", line 1178, in __init__
    _populate_api_route_state(
  File "/home/ubuntu/MSBrossAI/apps/jartosdto/server/.venv/lib/python3.12/site-packages/fastapi/routing.py", line 1088, in _populate_api_route_state
    ) = _build_dependant_with_parameterless_dependencies(
        ^^^^^^^^^^^^^^^^^^^^^^^^^^^^^^^^^^^^^^^^^^^^^^^^^
  File "/home/ubuntu/MSBrossAI/apps/jartosdto/server/.venv/lib/python3.12/site-packages/fastapi/routing.py", line 845, in _build_dependant_with_parameterless_dependencies
    dependant = get_dependant(path=path, call=call, scope="function")
                ^^^^^^^^^^^^^^^^^^^^^^^^^^^^^^^^^^^^^^^^^^^^^^^^^^^^^
  File "/home/ubuntu/MSBrossAI/apps/jartosdto/server/.venv/lib/python3.12/site-packages/fastapi/dependencies/utils.py", line 311, in get_dependant
    param_details = analyze_param(
                    ^^^^^^^^^^^^^^
  File "/home/ubuntu/MSBrossAI/apps/jartosdto/server/.venv/lib/python3.12/site-packages/fastapi/dependencies/utils.py", line 535, in analyze_param
    ensure_multipart_is_installed()
  File "/home/ubuntu/MSBrossAI/apps/jartosdto/server/.venv/lib/python3.12/site-packages/fastapi/dependencies/utils.py", line 120, in ensure_multipart_is_installed
    raise RuntimeError(multipart_not_installed_error) from None
RuntimeError: Form data requires "python-multipart" to be installed. 
You can install "python-multipart" with: 

pip install python-multipart

Form data requires "python-multipart" to be installed. 
You can install "python-multipart" with: 

pip install python-multipart

Traceback (most recent call last):
  File "<frozen runpy>", line 198, in _run_module_as_main
  File "<frozen runpy>", line 88, in _run_code
  File "/home/ubuntu/MSBrossAI/apps/jartosdto/server/.venv/lib/python3.12/site-packages/uvicorn/__main__.py", line 4, in <module>
    uvicorn.main()
  File "/home/ubuntu/MSBrossAI/apps/jartosdto/server/.venv/lib/python3.12/site-packages/click/core.py", line 1569, in __call__
    return self.main(*args, **kwargs)
           ^^^^^^^^^^^^^^^^^^^^^^^^^^
  File "/home/ubuntu/MSBrossAI/apps/jartosdto/server/.venv/lib/python3.12/site-packages/click/core.py", line 1490, in main
    rv = self.invoke(ctx)
         ^^^^^^^^^^^^^^^^
  File "/home/ubuntu/MSBrossAI/apps/jartosdto/server/.venv/lib/python3.12/site-packages/click/core.py", line 1353, in invoke
    return ctx.invoke(self.callback, **ctx.params)
           ^^^^^^^^^^^^^^^^^^^^^^^^^^^^^^^^^^^^^^^
  File "/home/ubuntu/MSBrossAI/apps/jartosdto/server/.venv/lib/python3.12/site-packages/click/core.py", line 907, in invoke
    return callback(*args, **kwargs)
           ^^^^^^^^^^^^^^^^^^^^^^^^^
  File "/home/ubuntu/MSBrossAI/apps/jartosdto/server/.venv/lib/python3.12/site-packages/uvicorn/main.py", line 441, in main
    run(
  File "/home/ubuntu/MSBrossAI/apps/jartosdto/server/.venv/lib/python3.12/site-packages/uvicorn/main.py", line 609, in run
    config.load_app()
  File "/home/ubuntu/MSBrossAI/apps/jartosdto/server/.venv/lib/python3.12/site-packages/uvicorn/config.py", line 415, in load_app
    return import_from_string(self.app)
           ^^^^^^^^^^^^^^^^^^^^^^^^^^^^
  File "/home/ubuntu/MSBrossAI/apps/jartosdto/server/.venv/lib/python3.12/site-packages/uvicorn/importer.py", line 19, in import_from_string
    module = importlib.import_module(module_str)
             ^^^^^^^^^^^^^^^^^^^^^^^^^^^^^^^^^^^
  File "/home/ubuntu/.local/share/uv/python/cpython-3.12.13-linux-x86_64-gnu/lib/python3.12/importlib/__init__.py", line 90, in import_module
    return _bootstrap._gcd_import(name[level:], package, level)
           ^^^^^^^^^^^^^^^^^^^^^^^^^^^^^^^^^^^^^^^^^^^^^^^^^^^^
  File "<frozen importlib._bootstrap>", line 1387, in _gcd_import
  File "<frozen importlib._bootstrap>", line 1360, in _find_and_load
  File "<frozen importlib._bootstrap>", line 1331, in _find_and_load_unlocked
  File "<frozen importlib._bootstrap>", line 935, in _load_unlocked
  File "<frozen importlib._bootstrap_external>", line 999, in exec_module
  File "<frozen importlib._bootstrap>", line 488, in _call_with_frames_removed
  File "/home/ubuntu/MSBrossAI/apps/jartosdto/server/app/main.py", line 12, in <module>
    from app.api.router import api_router
  File "/home/ubuntu/MSBrossAI/apps/jartosdto/server/app/api/router.py", line 341, in <module>
    @api_router.post("/documents/upload")
     ^^^^^^^^^^^^^^^^^^^^^^^^^^^^^^^^^^^^
  File "/home/ubuntu/MSBrossAI/apps/jartosdto/server/.venv/lib/python3.12/site-packages/fastapi/routing.py", line 2953, in decorator
    self.add_api_route(
  File "/home/ubuntu/MSBrossAI/apps/jartosdto/server/.venv/lib/python3.12/site-packages/fastapi/routing.py", line 2888, in add_api_route
    route = route_class(
            ^^^^^^^^^^^^
  File "/home/ubuntu/MSBrossAI/apps/jartosdto/server/.venv/lib/python3.12/site-packages/fastapi/routing.py", line 1178, in __init__
    _populate_api_route_state(
  File "/home/ubuntu/MSBrossAI/apps/jartosdto/server/.venv/lib/python3.12/site-packages/fastapi/routing.py", line 1088, in _populate_api_route_state
    ) = _build_dependant_with_parameterless_dependencies(
        ^^^^^^^^^^^^^^^^^^^^^^^^^^^^^^^^^^^^^^^^^^^^^^^^^
  File "/home/ubuntu/MSBrossAI/apps/jartosdto/server/.venv/lib/python3.12/site-packages/fastapi/routing.py", line 845, in _build_dependant_with_parameterless_dependencies
    dependant = get_dependant(path=path, call=call, scope="function")
                ^^^^^^^^^^^^^^^^^^^^^^^^^^^^^^^^^^^^^^^^^^^^^^^^^^^^^
  File "/home/ubuntu/MSBrossAI/apps/jartosdto/server/.venv/lib/python3.12/site-packages/fastapi/dependencies/utils.py", line 311, in get_dependant
    param_details = analyze_param(
                    ^^^^^^^^^^^^^^
  File "/home/ubuntu/MSBrossAI/apps/jartosdto/server/.venv/lib/python3.12/site-packages/fastapi/dependencies/utils.py", line 535, in analyze_param
    ensure_multipart_is_installed()
  File "/home/ubuntu/MSBrossAI/apps/jartosdto/server/.venv/lib/python3.12/site-packages/fastapi/dependencies/utils.py", line 120, in ensure_multipart_is_installed
    raise RuntimeError(multipart_not_installed_error) from None
RuntimeError: Form data requires "python-multipart" to be installed. 
You can install "python-multipart" with: 

pip install python-multipart

Form data requires "python-multipart" to be installed. 
You can install "python-multipart" with: 

pip install python-multipart

Traceback (most recent call last):
  File "<frozen runpy>", line 198, in _run_module_as_main
  File "<frozen runpy>", line 88, in _run_code
  File "/home/ubuntu/MSBrossAI/apps/jartosdto/server/.venv/lib/python3.12/site-packages/uvicorn/__main__.py", line 4, in <module>
    uvicorn.main()
  File "/home/ubuntu/MSBrossAI/apps/jartosdto/server/.venv/lib/python3.12/site-packages/click/core.py", line 1569, in __call__
    return self.main(*args, **kwargs)
           ^^^^^^^^^^^^^^^^^^^^^^^^^^
  File "/home/ubuntu/MSBrossAI/apps/jartosdto/server/.venv/lib/python3.12/site-packages/click/core.py", line 1490, in main
    rv = self.invoke(ctx)
         ^^^^^^^^^^^^^^^^
  File "/home/ubuntu/MSBrossAI/apps/jartosdto/server/.venv/lib/python3.12/site-packages/click/core.py", line 1353, in invoke
    return ctx.invoke(self.callback, **ctx.params)
           ^^^^^^^^^^^^^^^^^^^^^^^^^^^^^^^^^^^^^^^
  File "/home/ubuntu/MSBrossAI/apps/jartosdto/server/.venv/lib/python3.12/site-packages/click/core.py", line 907, in invoke
    return callback(*args, **kwargs)
           ^^^^^^^^^^^^^^^^^^^^^^^^^
  File "/home/ubuntu/MSBrossAI/apps/jartosdto/server/.venv/lib/python3.12/site-packages/uvicorn/main.py", line 441, in main
    run(
  File "/home/ubuntu/MSBrossAI/apps/jartosdto/server/.venv/lib/python3.12/site-packages/uvicorn/main.py", line 609, in run
    config.load_app()
  File "/home/ubuntu/MSBrossAI/apps/jartosdto/server/.venv/lib/python3.12/site-packages/uvicorn/config.py", line 415, in load_app
    return import_from_string(self.app)
           ^^^^^^^^^^^^^^^^^^^^^^^^^^^^
  File "/home/ubuntu/MSBrossAI/apps/jartosdto/server/.venv/lib/python3.12/site-packages/uvicorn/importer.py", line 19, in import_from_string
    module = importlib.import_module(module_str)
             ^^^^^^^^^^^^^^^^^^^^^^^^^^^^^^^^^^^
  File "/home/ubuntu/.local/share/uv/python/cpython-3.12.13-linux-x86_64-gnu/lib/python3.12/importlib/__init__.py", line 90, in import_module
    return _bootstrap._gcd_import(name[level:], package, level)
           ^^^^^^^^^^^^^^^^^^^^^^^^^^^^^^^^^^^^^^^^^^^^^^^^^^^^
  File "<frozen importlib._bootstrap>", line 1387, in _gcd_import
  File "<frozen importlib._bootstrap>", line 1360, in _find_and_load
  File "<frozen importlib._bootstrap>", line 1331, in _find_and_load_unlocked
  File "<frozen importlib._bootstrap>", line 935, in _load_unlocked
  File "<frozen importlib._bootstrap_external>", line 999, in exec_module
  File "<frozen importlib._bootstrap>", line 488, in _call_with_frames_removed
  File "/home/ubuntu/MSBrossAI/apps/jartosdto/server/app/main.py", line 12, in <module>
    from app.api.router import api_router
  File "/home/ubuntu/MSBrossAI/apps/jartosdto/server/app/api/router.py", line 341, in <module>
    @api_router.post("/documents/upload")
     ^^^^^^^^^^^^^^^^^^^^^^^^^^^^^^^^^^^^
  File "/home/ubuntu/MSBrossAI/apps/jartosdto/server/.venv/lib/python3.12/site-packages/fastapi/routing.py", line 2953, in decorator
    self.add_api_route(
  File "/home/ubuntu/MSBrossAI/apps/jartosdto/server/.venv/lib/python3.12/site-packages/fastapi/routing.py", line 2888, in add_api_route
    route = route_class(
            ^^^^^^^^^^^^
  File "/home/ubuntu/MSBrossAI/apps/jartosdto/server/.venv/lib/python3.12/site-packages/fastapi/routing.py", line 1178, in __init__
    _populate_api_route_state(
  File "/home/ubuntu/MSBrossAI/apps/jartosdto/server/.venv/lib/python3.12/site-packages/fastapi/routing.py", line 1088, in _populate_api_route_state
    ) = _build_dependant_with_parameterless_dependencies(
        ^^^^^^^^^^^^^^^^^^^^^^^^^^^^^^^^^^^^^^^^^^^^^^^^^
  File "/home/ubuntu/MSBrossAI/apps/jartosdto/server/.venv/lib/python3.12/site-packages/fastapi/routing.py", line 845, in _build_dependant_with_parameterless_dependencies
    dependant = get_dependant(path=path, call=call, scope="function")
                ^^^^^^^^^^^^^^^^^^^^^^^^^^^^^^^^^^^^^^^^^^^^^^^^^^^^^
  File "/home/ubuntu/MSBrossAI/apps/jartosdto/server/.venv/lib/python3.12/site-packages/fastapi/dependencies/utils.py", line 311, in get_dependant
    param_details = analyze_param(
                    ^^^^^^^^^^^^^^
  File "/home/ubuntu/MSBrossAI/apps/jartosdto/server/.venv/lib/python3.12/site-packages/fastapi/dependencies/utils.py", line 535, in analyze_param
    ensure_multipart_is_installed()
  File "/home/ubuntu/MSBrossAI/apps/jartosdto/server/.venv/lib/python3.12/site-packages/fastapi/dependencies/utils.py", line 120, in ensure_multipart_is_installed
    raise RuntimeError(multipart_not_installed_error) from None
RuntimeError: Form data requires "python-multipart" to be installed. 
You can install "python-multipart" with: 

pip install python-multipart

Form data requires "python-multipart" to be installed. 
You can install "python-multipart" with: 

pip install python-multipart

Traceback (most recent call last):
  File "<frozen runpy>", line 198, in _run_module_as_main
  File "<frozen runpy>", line 88, in _run_code
  File "/home/ubuntu/MSBrossAI/apps/jartosdto/server/.venv/lib/python3.12/site-packages/uvicorn/__main__.py", line 4, in <module>
    uvicorn.main()
  File "/home/ubuntu/MSBrossAI/apps/jartosdto/server/.venv/lib/python3.12/site-packages/click/core.py", line 1569, in __call__
    return self.main(*args, **kwargs)
           ^^^^^^^^^^^^^^^^^^^^^^^^^^
  File "/home/ubuntu/MSBrossAI/apps/jartosdto/server/.venv/lib/python3.12/site-packages/click/core.py", line 1490, in main
    rv = self.invoke(ctx)
         ^^^^^^^^^^^^^^^^
  File "/home/ubuntu/MSBrossAI/apps/jartosdto/server/.venv/lib/python3.12/site-packages/click/core.py", line 1353, in invoke
    return ctx.invoke(self.callback, **ctx.params)
           ^^^^^^^^^^^^^^^^^^^^^^^^^^^^^^^^^^^^^^^
  File "/home/ubuntu/MSBrossAI/apps/jartosdto/server/.venv/lib/python3.12/site-packages/click/core.py", line 907, in invoke
    return callback(*args, **kwargs)
           ^^^^^^^^^^^^^^^^^^^^^^^^^
  File "/home/ubuntu/MSBrossAI/apps/jartosdto/server/.venv/lib/python3.12/site-packages/uvicorn/main.py", line 441, in main
    run(
  File "/home/ubuntu/MSBrossAI/apps/jartosdto/server/.venv/lib/python3.12/site-packages/uvicorn/main.py", line 609, in run
    config.load_app()
  File "/home/ubuntu/MSBrossAI/apps/jartosdto/server/.venv/lib/python3.12/site-packages/uvicorn/config.py", line 415, in load_app
    return import_from_string(self.app)
           ^^^^^^^^^^^^^^^^^^^^^^^^^^^^
  File "/home/ubuntu/MSBrossAI/apps/jartosdto/server/.venv/lib/python3.12/site-packages/uvicorn/importer.py", line 19, in import_from_string
    module = importlib.import_module(module_str)
             ^^^^^^^^^^^^^^^^^^^^^^^^^^^^^^^^^^^
  File "/home/ubuntu/.local/share/uv/python/cpython-3.12.13-linux-x86_64-gnu/lib/python3.12/importlib/__init__.py", line 90, in import_module
    return _bootstrap._gcd_import(name[level:], package, level)
           ^^^^^^^^^^^^^^^^^^^^^^^^^^^^^^^^^^^^^^^^^^^^^^^^^^^^
  File "<frozen importlib._bootstrap>", line 1387, in _gcd_import
  File "<frozen importlib._bootstrap>", line 1360, in _find_and_load
  File "<frozen importlib._bootstrap>", line 1331, in _find_and_load_unlocked
  File "<frozen importlib._bootstrap>", line 935, in _load_unlocked
  File "<frozen importlib._bootstrap_external>", line 999, in exec_module
  File "<frozen importlib._bootstrap>", line 488, in _call_with_frames_removed
  File "/home/ubuntu/MSBrossAI/apps/jartosdto/server/app/main.py", line 12, in <module>
    from app.api.router import api_router
  File "/home/ubuntu/MSBrossAI/apps/jartosdto/server/app/api/router.py", line 341, in <module>
    @api_router.post("/documents/upload")
     ^^^^^^^^^^^^^^^^^^^^^^^^^^^^^^^^^^^^
  File "/home/ubuntu/MSBrossAI/apps/jartosdto/server/.venv/lib/python3.12/site-packages/fastapi/routing.py", line 2953, in decorator
    self.add_api_route(
  File "/home/ubuntu/MSBrossAI/apps/jartosdto/server/.venv/lib/python3.12/site-packages/fastapi/routing.py", line 2888, in add_api_route
    route = route_class(
            ^^^^^^^^^^^^
  File "/home/ubuntu/MSBrossAI/apps/jartosdto/server/.venv/lib/python3.12/site-packages/fastapi/routing.py", line 1178, in __init__
    _populate_api_route_state(
  File "/home/ubuntu/MSBrossAI/apps/jartosdto/server/.venv/lib/python3.12/site-packages/fastapi/routing.py", line 1088, in _populate_api_route_state
    ) = _build_dependant_with_parameterless_dependencies(
        ^^^^^^^^^^^^^^^^^^^^^^^^^^^^^^^^^^^^^^^^^^^^^^^^^
  File "/home/ubuntu/MSBrossAI/apps/jartosdto/server/.venv/lib/python3.12/site-packages/fastapi/routing.py", line 845, in _build_dependant_with_parameterless_dependencies
    dependant = get_dependant(path=path, call=call, scope="function")
                ^^^^^^^^^^^^^^^^^^^^^^^^^^^^^^^^^^^^^^^^^^^^^^^^^^^^^
  File "/home/ubuntu/MSBrossAI/apps/jartosdto/server/.venv/lib/python3.12/site-packages/fastapi/dependencies/utils.py", line 311, in get_dependant
    param_details = analyze_param(
                    ^^^^^^^^^^^^^^
  File "/home/ubuntu/MSBrossAI/apps/jartosdto/server/.venv/lib/python3.12/site-packages/fastapi/dependencies/utils.py", line 535, in analyze_param
    ensure_multipart_is_installed()
  File "/home/ubuntu/MSBrossAI/apps/jartosdto/server/.venv/lib/python3.12/site-packages/fastapi/dependencies/utils.py", line 120, in ensure_multipart_is_installed
    raise RuntimeError(multipart_not_installed_error) from None
RuntimeError: Form data requires "python-multipart" to be installed. 
You can install "python-multipart" with: 

pip install python-multipart

